x,y,theta,phi,class,smiles,size,numerical_label
10.733821,6.3204765,-86.321365,-1.3716217,acid,Cl,50,0
10.762967,6.3314533,126.89389,-57.889362,base,CCN(CC)CC,50,3
10.79552,6.264494,-54.962166,17.443607,base,[Na+].[OH-],50,3
10.81404,6.1102433,32.807053,-45.392147,base,O=C([O-])[O-].[K+].[K+],50,3
10.655414,6.5812225,-20.001732,-35.897453,base,CCN(C(C)C)C(C)C,50,3
13.255502,5.040836,-33.242825,19.23657,base,[H-].[Na+],50,3
10.74498,6.243898,7.840158,-76.78987,base,O=C([O-])O.[Na+],50,3
10.623825,7.8345194,14.35644,30.649109,cat,[Pd],50,5
10.8521385,6.1055183,130.56854,20.479843,base,O=C([O-])[O-].[Na+].[Na+],50,3
10.760526,6.2442493,-73.84555,-95.68053,acid,[Cl-].[NH4+],50,0
12.535255,4.662556,42.883068,6.302204,base,O=C([O-])[O-].[Cs+].[Cs+],50,3
13.882695,4.8631763,-16.987072,-72.432304,base,[Li]CCCC,50,3
9.057162,4.3648076,-19.05551,-39.821465,cat,c1ccc([P](c2ccccc2)(c2ccccc2)[Pd]([P](c2ccccc2)(c2ccccc2)c2ccccc2)([P](c2ccccc2)(c2ccccc2)c2ccccc2)[P](c2ccccc2)(c2ccccc2)c2ccccc2)cc1,50,5
14.761898,6.725656,-2.396189,-44.62618,red,[BH4-].[Na+],50,12
11.737631,7.927199,-27.262394,102.702095,acid,O=S(=O)(O)O,50,0
10.914294,6.324858,35.924057,-17.100246,base,[K+].[OH-],50,3
10.520676,5.6834536,-37.926556,61.01739,ligand,c1ccc(P(c2ccccc2)c2ccccc2)cc1,50,10
11.596616,6.9492297,33.073757,-57.756683,red,[H][H],50,12
10.10418,7.536121,38.895542,49.513832,base,CN(C)c1ccncc1,50,3
9.852112,7.688938,30.378006,27.760695,additive,On1nnc2ccccc21,50,1
10.482028,9.59409,137.33054,47.200085,dehydrating,CCN=C=NCCCN(C)C.Cl,50,7
15.018855,6.4451885,-39.969837,-7.0366497,red,[Al+3].[H-].[H-].[H-].[H-].[Li+],50,12
10.585505,9.579224,68.15906,-47.09396,additive,CN(C)C(On1nnc2cccnc21)=[N+](C)C.F[P-](F)(F)(F)(F)F,50,1
10.559631,6.5918784,-20.122837,8.354411,base,[Li+].[OH-],50,3
13.009376,8.990834,-33.15116,-15.447512,red,CC(=O)O[BH-](OC(C)=O)OC(C)=O.[Na+],50,12
9.384773,4.3056407,62.93284,-16.256645,cat,CC(=O)[O-].CC(=O)[O-].[Pd+2],50,5
12.3146,5.435533,-19.673428,7.6953416,cat,[Cu]I,50,5
9.440322,4.3319907,37.78686,-67.89224,cat,O=C(C=Cc1ccccc1)C=Cc1ccccc1.O=C(C=Cc1ccccc1)C=Cc1ccccc1.O=C(C=Cc1ccccc1)C=Cc1ccccc1.[Pd].[Pd],50,5
11.135301,6.3845134,101.97139,55.194126,base,N,50,3
11.312577,8.889756,92.824524,53.215977,ox,O=S(Cl)Cl,50,11
13.109179,4.8362827,58.194733,15.782384,base,CC(C)(C)[O-].[K+],50,3
11.245577,8.99827,-4.9608717,87.93301,ox,O=C(Cl)C(=O)Cl,50,11
9.06406,4.404527,50.435722,32.299927,cat,Cl[Pd](Cl)([P](c1ccccc1)(c1ccccc1)c1ccccc1)[P](c1ccccc1)(c1ccccc1)c1ccccc1,50,5
12.442111,4.690535,67.97141,75.41565,base,O=P([O-])([O-])[O-].[K+].[K+].[K+],50,3
9.079297,4.390053,-131.7079,-17.134907,cat,Cl[Pd]Cl.[Fe+2].c1ccc(P(c2ccccc2)[c-]2cccc2)cc1.c1ccc(P(c2ccccc2)[c-]2cccc2)cc1,50,5
11.9906,7.293836,-8.325591,1.3896222,red,[Na],50,12
12.231523,6.825911,-79.10777,55.07867,base,C[O-].[Na+],50,3
10.631218,6.6538305,13.537141,5.236629,base,CN1CCOCC1,50,3
12.996783,9.018936,10.714764,66.2836,red,[BH3-]C#N.[Na+],50,12
11.488677,8.069026,77.41933,62.1165,acid,Cc1ccc(S(=O)(=O)O)cc1,50,0
13.064375,8.9111,-29.547121,31.77633,lewis_acid,[Al+3].[Cl-].[Cl-].[Cl-],50,9
11.457156,5.497501,13.5076475,-14.495878,base,CCCC[N+](CCCC)(CCCC)CCCC.[F-],50,3
11.6499,7.470418,102.323006,-7.8432856,base,CC(=O)[O-].[Na+],50,3
10.537681,9.610392,-7.1513405,-3.1176348,dehydrating,CCN=C=NCCCN(C)C,50,7
11.613018,8.29184,-36.045612,-57.171825,solvent,CC(=O)OC(C)=O,50,13
10.7401705,6.2317295,-14.058623,26.857502,unk,O.[Cl-].[Na+],50,15
12.970764,6.5394278,79.49869,14.149459,red,[I-].[Na+],50,12
14.075077,6.4164467,16.094334,4.904165,lewis_acid,BrB(Br)Br,50,9
10.696818,7.765344,10.523674,102.8857,cat,[Ni],50,5
11.187203,4.4954085,120.15826,3.4185765,base,CC(=O)[O-].[K+],50,3
10.46318,9.589548,61.951435,-34.579155,dehydrating,C(=NC1CCCCC1)=NC1CCCCC1,20,7
13.027814,5.090315,-61.110455,9.268048,red,[Zn],20,12
11.004222,6.6188464,51.392696,-13.790685,base,C1CCC2=NCCCN2CC1,20,3
13.602645,8.740727,34.357574,14.769919,cat,[Fe],20,5
11.727759,8.969229,-23.628119,12.560303,ox,O=P(Cl)(Cl)Cl,20,11
12.774425,4.642895,74.07483,-25.342594,base,CC(C)(C)[O-].[Na+],20,3
12.639372,5.1230016,70.41914,-8.892098,base,CC(C)NC(C)C,20,3
11.270819,8.846151,19.881989,87.66673,additive,O=C(n1ccnc1)n1ccnc1,20,1
11.318764,5.4398503,87.09056,26.439913,base,C1CCNCC1,20,3
10.570486,6.57387,-95.55059,-60.706127,base,O.[Li+].[OH-],20,3
13.063273,6.5783467,41.72175,-11.09878,red,[I-].[K+],20,12
10.699555,6.290468,54.94185,26.818073,ambience,[Cl-].[Na+],20,2
12.625641,3.7058935,-76.34388,-43.185497,dehydrating,CCOC(=O)N=NC(=O)OCC,20,7
10.676834,7.7778845,67.29043,46.46933,cat,[C].[Pd],20,5
12.573688,3.7893384,0.72864914,-39.712032,unk,c1c[nH]cn1,20,15
13.978895,5.0638285,45.67639,-3.3961363,red,[Mg],20,12
11.765816,7.9944963,-79.614716,11.841453,acid,Br,20,0
11.5786705,8.14385,14.516589,43.592503,acid,Cc1ccc(S(=O)(=O)O)cc1.O,20,0
13.171445,4.7883735,86.42968,31.32176,base,C[Si](C)(C)[N-][Si](C)(C)C.[Li+],20,3
7.685419,4.3883786,101.29889,-22.837194,ligand,CC1(C)c2cccc(P(c3ccccc3)c3ccccc3)c2Oc2c(P(c3ccccc3)c3ccccc3)cccc21,20,10
13.706818,4.833036,8.065761,3.0529797,base,CC(C)[N-]C(C)C.[Li+],20,3
10.541758,9.622233,49.430523,78.7468,additive,CN(C)C(On1nnc2ccccc21)=[N+](C)C.F[B-](F)(F)F,20,1
13.667631,8.28116,35.103123,-33.715645,red,O=N[O-].[Na+],20,12
11.263717,6.39202,7.7529135,-39.01921,base,[NH4+].[OH-],20,3
12.575286,3.7878017,0.78638333,-8.54592,dehydrating,CC(C)OC(=O)N=NC(=O)OC(C)C,20,7
11.313971,7.278109,-32.90922,-60.903843,red,O=CO,20,12
10.827174,6.180547,20.27379,-1.50339,ambience,N#N,20,2
10.6712055,7.774288,-45.810772,109.25987,cat,[OH-].[OH-].[Pd+2],20,5
7.712624,4.496249,11.703055,74.53812,ligand,c1ccc(P(c2ccccc2)c2ccc3ccccc3c2-c2c(P(c3ccccc3)c3ccccc3)ccc3ccccc23)cc1,20,10
13.414296,7.288272,-73.17799,-32.768944,ox,O=C(OO)c1cccc(Cl)c1,20,11
9.8066025,7.6911035,-0.8844817,-9.983452,additive,O.On1nnc2ccccc21,20,1
12.964187,6.4540977,27.253365,-1.7018217,unk,CI,20,15
12.372879,7.661484,29.168203,-10.426218,red,NN.O,20,12
10.488501,9.645673,11.739826,3.2903395,additive,CN(C)C(On1nnc2ccccc21)=[N+](C)C.F[P-](F)(F)(F)(F)F,20,1
10.848716,6.382542,-17.220665,-70.64118,red,O=C(O)CC(O)(CC(=O)O)C(=O)O,20,12
12.189742,6.9865522,103.27295,4.8732276,base,CC[O-].[Na+],20,3
13.614779,7.5083666,84.97428,8.460332,ox,OO,20,11
11.181889,5.926747,42.627327,8.640183,unk,CC[SiH](CC)CC,20,15
9.051876,4.420855,94.56802,70.862595,cat,[Pd].c1ccc(P(c2ccccc2)c2ccccc2)cc1.c1ccc(P(c2ccccc2)c2ccccc2)cc1.c1ccc(P(c2ccccc2)c2ccccc2)cc1.c1ccc(P(c2ccccc2)c2ccccc2)cc1,20,5
11.376267,8.583857,-101.78404,-60.07781,ox,CS(=O)(=O)Cl,20,11
10.439097,5.615599,-0.40189,82.37381,ambience,[Cl-].[Li+],20,2
14.2503805,5.524732,-39.457676,44.38961,ox,II,20,11
11.654542,7.225934,1.5294511,17.085232,red,[Cl-].[Cl-].[Zn+2],20,12
15.007137,6.3536754,33.530155,33.88659,red,CC(C)C[Al+]CC(C)C.[H-],20,12
13.834822,7.7608256,-4.1641626,-31.449322,ox,CC(=O)OI1(OC(C)=O)(OC(C)=O)OC(=O)c2ccccc21,20,11
10.556272,9.514634,17.987461,-2.977336,additive,CN(C)[P+](On1nnc2ccccc21)(N(C)C)N(C)C.F[P-](F)(F)(F)(F)F,20,1
13.782907,7.1246533,21.192902,-2.6759975,ox,[Mn+4].[O-2].[O-2],20,11
13.673261,7.609997,15.185264,-2.153909,base,CCCC[N+](CCCC)(CCCC)CCCC.[Br-],20,3
7.739226,4.520756,-170.4722,43.040787,ligand,CC(C)c1cc(C(C)C)c(-c2ccccc2P(C2CCCCC2)C2CCCCC2)c(C(C)C)c1,20,10
12.054435,5.844791,70.316986,-58.54986,unk,C[Si](C)(C)Cl,20,15
12.293204,5.360634,-38.519253,-11.239805,cat,I[Cu]I,20,5
11.230455,7.117754,-68.04821,-26.549337,red,O=C[O-].[NH4+],20,12
11.920944,7.564427,29.29773,27.162907,red,C=O,20,12
11.409488,9.202313,20.092245,31.654934,ox,CC(C)COC(=O)Cl,20,11
11.746925,4.614288,-57.53109,50.23369,base,[F-].[K+],20,3
12.728724,8.732372,54.098408,34.179394,lewis_acid,CCOCC.FB(F)F,20,9
14.962346,7.960981,65.69629,68.72855,red,O=S([O-])([O-])=S.[Na+].[Na+],20,12
13.88048,6.904287,-58.46706,-65.86068,ox,O=C(OOC(=O)c1ccccc1)c1ccccc1,20,11
9.856355,7.6673656,114.09149,-32.026333,additive,On1nnc2cccnc21,20,1
14.958532,6.7614217,66.88034,-69.74801,red,[BH4-].[Li+],20,12
13.984458,6.6865315,64.66376,50.403286,dehydrating,CC(C)(C#N)N=NC(C)(C)C#N,20,7
13.028963,6.4756064,29.33684,26.320568,red,CCCC[N+](CCCC)(CCCC)CCCC.[I-],20,12
12.843895,6.1387897,23.334858,-61.647465,unk,[Cu],20,15
12.148842,8.29082,67.09791,27.79555,acid,CS(=O)(=O)O,20,0
11.902264,8.848393,5.2696004,-47.24617,unk,CC(=O)[O-].CC(=O)[O-].[Cu+2],20,15
11.653302,4.6926217,51.234745,9.408426,base,[Cs+].[F-],20,3
11.745285,7.42191,83.513176,30.176159,unk,O=C=O,20,15
12.812945,8.272292,-8.771572,16.298834,lewis_acid,Cl[Ti](Cl)(Cl)Cl,20,9
11.457429,9.082708,-111.85809,-18.60917,ox,CCOC(=O)Cl,20,11
10.521648,6.65347,-20.072546,-47.924057,base,O.[Li]O,20,3
11.789884,7.7826133,121.2247,-63.719868,unk,CC(=O)[O-].[NH4+],20,15
14.03629,4.8958964,121.06663,-9.543003,base,[Li]C(C)(C)C,20,3
15.020487,6.3087554,-20.850069,-6.732598,unk,C[Al](C)C,20,15
10.67773,7.8120885,-96.234955,-41.57729,unk,O=[Pt]=O,20,15
10.695055,7.7500405,-83.66106,77.88942,cat,[Pt],20,5
11.541752,8.809695,42.52548,15.461442,solvent,O=C(OC(=O)C(F)(F)F)C(F)(F)F,20,13
7.8309436,4.2748466,-176.59709,5.396016,ligand,[Fe+2].c1ccc(P(c2ccccc2)[c-]2cccc2)cc1.c1ccc(P(c2ccccc2)[c-]2cccc2)cc1,20,10
13.401965,5.0992284,127.55345,-122.61146,base,C[Si](C)(C)[N-][Si](C)(C)C.[Na+],20,3
12.471087,9.06253,-73.4288,-50.236614,solvent,COc1ccccc1,20,13
12.2029505,6.994925,-39.981777,15.026888,unk,O=S(=O)([O-])[O-].[Mg+2],20,15
10.010928,7.5997543,-89.14258,2.4804597,base,CN(C)c1ccccn1,20,3
11.313312,6.42079,11.67889,-17.180851,base,Cc1cccc(C)n1,20,3
13.481034,6.2945223,71.38524,-14.806813,unk,C1COCCOCCOCCOCCOCCO1,20,15
7.831006,4.3106866,-74.659515,46.041218,ligand,Cc1ccccc1P(c1ccccc1C)c1ccccc1C,20,10
10.664719,5.7519712,43.79182,23.569324,ligand,CCCCP(CCCC)CCCC,20,10
12.138766,6.609875,-54.78613,-64.52439,base,O=S(=O)([O-])[O-].[Na+].[Na+],20,3
15.0463295,6.378803,234.50986,-47.745678,red,CC(C)C[AlH]CC(C)C,20,12
9.083171,4.4489565,6.528546,-10.869987,cat,ClCCl.Cl[Pd]Cl.[Fe+2].c1ccc(P(c2ccccc2)[c-]2cccc2)cc1.c1ccc(P(c2ccccc2)[c-]2cccc2)cc1,20,5
11.215102,7.4404216,-29.676064,36.57691,unk,C,20,15
12.957785,4.249005,-26.495518,-48.842445,ox,BrBr,20,11
13.481128,8.650057,204.84666,-34.09796,red,Cl[Sn]Cl.O.O,20,12
14.8784,7.962687,97.6335,-3.5083628,red,O=S([O-])O.[Na+],20,12
14.931266,7.992141,147.3941,74.896835,red,O=S([O-])[O-].[Na+].[Na+],20,12
11.909446,7.2335677,115.00018,17.4728,ambience,[Br-].[K+],20,2
13.347464,8.778634,-29.263262,69.354935,red,Cl[Sn]Cl,20,12
14.895689,6.9735017,91.74031,24.338589,red,B.C1CCOC1,20,12
12.252845,6.662671,89.68037,48.861526,solvent,CC(C)OC(C)C,20,13
10.646618,7.8658156,48.32131,128.1775,cat,O=[Pt],20,5
10.570606,9.532922,38.616432,138.34296,additive,F[P-](F)(F)(F)(F)F.c1ccc2c(c1)nnn2O[P+](N1CCCC1)(N1CCCC1)N1CCCC1,20,1
14.119381,5.048065,-39.350624,-6.136928,grignard,CC(C)[Mg]Cl,20,8
14.119691,7.978605,28.943678,-27.557455,unk,O=S([O-])S(=O)[O-].[Na+].[Na+],20,15
11.428335,8.279397,-73.615776,-12.886391,unk,Cc1ccc(S(=O)(=O)[O-])cc1.c1cc[nH+]cc1,20,15
11.435944,8.9128275,-51.622833,3.1672053,ox,O=C(OC(Cl)(Cl)Cl)OC(Cl)(Cl)Cl,20,11
13.6973715,8.629271,77.99556,-43.252495,unk,Cl.c1ccncc1,20,15
11.390685,6.8645315,1.7744789,14.405288,unk,C[N+]1([O-])CCOCC1,20,15
13.858687,7.0714874,29.043152,-18.462826,ox,O=[Mn]=O,20,11
12.40211,7.7495728,73.4224,-79.19864,unk,O=P(O)(O)O,20,15
12.914401,5.2650676,155.65714,69.61046,unk,CN(C)CCN(C)C,20,15
11.312796,7.6697516,-1.5892144,-29.224426,unk,C1COCCO1.Cl,20,15
7.778699,4.46928,7.073047,8.375923,ligand,COc1cccc(OC)c1-c1ccccc1P(C1CCCCC1)C1CCCCC1,20,10
9.043052,4.3940897,31.68973,-30.426237,cat,Cl[Pd]Cl.c1ccc(P(c2ccccc2)c2ccccc2)cc1.c1ccc(P(c2ccccc2)c2ccccc2)cc1,20,5
12.274273,7.688686,16.611225,33.561,unk,NN,20,15
12.752193,3.9652996,11.741765,70.24069,ox,O=C1CCC(=O)N1Br,20,11
14.169575,6.8116336,22.609745,12.358017,ox,O=[Cr](=O)([O-])Cl.c1cc[nH+]cc1,20,11
11.722454,8.531057,29.855078,-66.36398,unk,CC(=O)Cl,20,15
11.000268,6.508325,61.19576,-42.2689,base,O=S(=O)([O-])O.[K+],20,3
11.847012,9.10353,48.736923,28.375626,ox,ClP(Cl)(Cl)(Cl)Cl,20,11
11.267031,5.65717,105.872284,-67.90715,base,CCNCC,20,3
12.650777,6.961961,-78.09521,45.076344,unk,[K],20,15
14.894272,7.0063357,52.74032,-41.776005,red,B,20,12
11.278111,5.2860146,-43.31016,61.07943,base,C1CCNC1,20,3
9.1477,4.3717575,169.83365,-11.165404,cat,Cl[Pd]Cl,20,5
12.783909,8.237922,21.057224,12.420496,unk,N#CC1=C(C#N)C(=O)C(Cl)=C(Cl)C1=O,20,15
12.678294,3.96792,88.686005,42.028427,ox,O=C1CCC(=O)N1Cl,20,11
7.787055,4.4808807,118.57512,112.10254,ligand,C1CCC(P(C2CCCCC2)C2CCCCC2)CC1,20,10
12.461746,3.8123395,13.440636,-40.253754,dehydrating,O=C(N=NC(=O)N1CCCCC1)N1CCCCC1,20,7
13.50162,5.1733007,-4.3718905,53.283924,base,C[Si](C)(C)[N-][Si](C)(C)C.[K+],20,3
12.190614,8.677927,-92.343605,-88.16457,unk,Cc1ccc(S(=O)(=O)Cl)cc1,20,15
12.410503,5.5815506,30.2234,7.3925347,red,[Li],20,12
11.6152115,7.3020587,60.756954,-16.885569,base,O=P([O-])([O-])[O-],20,3
13.693643,7.564438,-122.23336,-68.19195,unk,CCCC[N+](CCCC)(CCCC)CCCC.O=S(=O)([O-])O,20,15
12.95797,8.408826,129.51373,-15.605383,unk,CCOC(OCC)OCC,20,15
14.760795,7.158626,-78.920975,-41.49215,red,CSC,20,12
9.030741,5.270474,12.416964,33.257954,chelating,O=C(O)C1CCCN1,20,6
11.692234,7.7738247,45.600407,30.311241,unk,[Cl-],20,15
7.929683,4.394338,-25.829744,62.00217,ligand,CC(C)(C)P(C(C)(C)C)C(C)(C)C,20,10
12.535164,8.042255,-16.428904,5.6347013,unk,COCCO,20,15
14.476473,6.2510977,65.26384,52.376637,cat,CC(C)[O-].CC(C)[O-].CC(C)[O-].CC(C)[O-].[Ti+4],20,5
14.051677,5.454429,45.776134,-34.08628,solvent,BrCCBr,20,13
12.262118,8.638529,-52.157005,71.79584,acid,O=S(=O)(O)C(F)(F)F,20,0
12.050705,9.153486,-35.99123,43.897194,unk,CN(C)c1ccccc1,20,15
11.569367,8.254061,-4.7005563,-25.784184,unk,ClCl,20,15
13.653407,7.514738,28.731874,101.44062,unk,CC[N+](CC)(CC)Cc1ccccc1.[Cl-],20,15
14.857686,5.943068,105.15092,70.04561,unk,O=C([O-])C(O)C(O)C(=O)[O-].[K+].[Na+],20,15
13.049546,6.6922703,91.87765,133.46886,unk,COS(=O)(=O)OC,20,15
12.144534,5.8980865,7.8715863,-83.535225,base,C1CN2CCN1CC2,20,3
14.070164,5.065389,-102.408134,-37.94052,grignard,C[Mg]Br,20,8
13.524503,5.9807434,-45.99123,-18.256004,unk,C[P+](c1ccccc1)(c1ccccc1)c1ccccc1.[Br-],20,15
13.126861,6.0161085,-42.21926,-14.746848,unk,Cl[Cu],20,15
12.336508,8.0956955,40.069595,43.2268,ambience,[Ca+2].[Cl-].[Cl-],20,2
11.50838,6.9766746,-61.082092,-7.535428,unk,COCCOCCOC,10,15
12.110455,9.066557,102.23931,-0.023608243,unk,O=P12OP3(=O)OP(=O)(O1)OP(=O)(O2)O3,10,15
10.43856,9.545236,99.853485,-40.78667,dehydrating,CC(C)N=C=NC(C)C,10,7
12.252412,6.146434,-58.056236,1.2946333,unk,Oc1ccccc1,10,15
13.013355,7.88876,103.22311,74.34129,unk,c1ccc(Oc2ccccc2)cc1,10,15
11.284856,6.7649293,118.30618,-10.564191,unk,CNC,10,15
13.939262,5.587889,-85.81814,-53.642517,unk,CC(C)(C)ON=O,10,15
9.889147,7.661535,42.94869,121.93195,additive,Oc1cccc2[nH]nnc12,10,1
11.078652,9.065496,38.738434,-131.92236,unk,CCCP1(=O)OP(=O)(CCC)OP(=O)(CCC)O1,10,15
13.886464,4.8423615,42.219166,50.081535,base,[Li]C(C)CC,10,3
12.436923,8.082227,77.658035,12.403264,ox,COC(OC)OC,10,11
11.51165,8.146305,51.78996,-69.73522,unk,CC(C)(C)OC(=O)OC(=O)OC(C)(C)C,10,15
9.390358,4.3430376,12.440446,36.157692,cat,O=C(C=Cc1ccccc1)C=Cc1ccccc1.O=C(C=Cc1ccccc1)C=Cc1ccccc1.[Pd],10,5
8.9758215,5.223988,0.20997012,-33.489338,chelating,CNCCNC,10,6
11.39861,9.046109,-42.84363,-131.6574,unk,CCOP(=O)(C#N)OCC,10,15
11.259331,6.826509,98.87978,20.698122,unk,O=C([O-])O.[K+],10,15
12.259682,9.144816,-4.606824,69.37864,unk,C[Si](C)(C)I,10,15
12.331651,7.3836555,-42.21379,-46.18151,unk,O=O,10,15
11.631977,9.3416395,39.64824,45.672752,unk,O=[Os](=O)(=O)=O,10,15
10.498415,4.427152,-118.91234,15.378459,boron,OB(O)c1ccccc1,10,4
11.1677885,6.6098294,36.507145,-42.141117,base,CN,10,3
12.608506,9.024662,83.5091,38.007317,unk,Cl[Sn](Cl)(Cl)Cl,10,15
11.998645,9.16005,-79.79294,-18.632826,unk,ClB(Cl)Cl,10,15
13.420449,7.5434318,28.670692,-3.977479,unk,CC(=O)CC(C)C,10,15
11.309638,8.225038,121.21771,125.36191,acid,CC1(C)C2CCC1(CS(=O)(=O)O)C(=O)C2,10,0
11.335458,5.952988,-76.40037,13.724165,unk,C1COCCN1,10,15
11.58055,7.6044765,10.758314,96.508766,unk,[O-][Cl+3]([O-])([O-])O,10,15
12.58905,3.7320569,80.85293,76.071945,unk,CC(C)(C)OC(=O)N=NC(=O)OC(C)(C)C,10,15
14.445595,7.681604,-90.68924,11.039148,unk,CC=C(C)C,10,15
13.875504,4.9224052,35.929157,87.72225,base,CCCCCC.[Li]CCCC,10,3
14.440255,7.85987,-110.67899,-67.71498,unk,[Na+].[O-]Cl,10,15
11.020577,8.994112,82.842926,12.251325,unk,O=S(=O)(OS(=O)(=O)C(F)(F)F)C(F)(F)F,10,15
9.026915,5.2041984,-106.65734,4.0993133,chelating,CNC1CCCCC1NC,10,6
13.027001,6.3898983,111.1091,1.2953482,unk,CN1CCCN(C)C1=O,10,15
12.691625,5.715017,70.56634,54.622044,solvent,CC(C)=O.O=C=O,10,13
14.132112,5.0190444,35.87175,-0.1830728,grignard,CC[Mg]Br,10,8
13.134988,7.9468927,72.9986,15.155485,unk,O=S(=O)([O-])[O-].[Cu+2],10,15
11.480905,8.856533,-32.956364,-15.894487,ox,O=S(=O)(Cl)Cl,10,11
11.302334,7.722133,-152.21695,-22.777412,unk,CCOC(C)=O.Cl,10,15
9.71863,6.908249,-48.3614,26.79201,ox,[Na+].[O-][I+3]([O-])([O-])[O-],10,11
11.356543,6.221311,-26.336246,32.997135,unk,NCCN,10,15
12.192339,8.025627,-102.83754,-66.60375,unk,COC(OC)N(C)C,10,15
11.936236,8.3524685,-1.7861934,-28.036512,unk,[Cl-].[Cl-].[Mg+2],10,15
10.614276,9.223515,164.13364,-18.625748,additive,Br[P+](N1CCCC1)(N1CCCC1)N1CCCC1.F[P-](F)(F)(F)(F)F,10,1
8.816364,4.480073,-19.251013,-19.927471,cat,CC(C)(C)[P]([Pd][P](C(C)(C)C)(C(C)(C)C)C(C)(C)C)(C(C)(C)C)C(C)(C)C,10,5
13.360741,6.7964263,-46.32346,-61.42884,unk,[Br-].[Li+],10,15
12.250933,5.361106,76.94182,-27.792349,unk,[C-]#N.[Na+],10,15
12.998927,7.6512046,41.308056,52.385685,unk,c1ccc2ncccc2c1,10,15
11.26942,6.062119,151.82823,54.90038,unk,Nc1ccccc1,10,15
12.871678,8.85887,21.419178,-12.959504,unk,FB(F)F,10,15
14.860369,7.0627227,47.67255,30.57605,unk,B.CSC,10,15
12.31851,5.5786095,70.32893,60.654545,base,C[Si](C)(C)N[Si](C)(C)C,10,3
13.124262,7.02464,33.88165,17.230045,unk,O=S1(=O)CCCC1,10,15
7.8250685,4.4077616,88.793434,46.268112,ligand,CC(C)(C)P(c1ccccc1-c1ccccc1)C(C)(C)C,10,10
11.719086,9.457528,1.3865032,19.219059,unk,C[Si](C)(C)Br,10,15
12.893447,6.0055814,-20.57342,70.18001,base,[Br-],10,3
11.5889635,9.456529,45.24423,-12.116185,unk,C[Si](C)(C)OS(=O)(=O)C(F)(F)F,10,15
12.469924,8.084648,-47.940376,106.407974,unk,Cl.NO,10,15
12.583208,7.2246246,97.62268,83.4902,unk,CO.C[O-].[Na+],10,15
11.127838,7.49572,13.239715,17.951698,unk,C1=CCCCC1,10,15
14.578021,7.6561956,77.69143,11.076052,unk,O=P([O-])(O)O.[Na+],10,15
11.529858,7.564501,-61.197098,24.255562,acid,CO.Cl,10,0
11.780862,5.7499175,-61.207367,48.266373,unk,[C-]#N.[K+],10,15
13.287765,8.025186,8.8496685,43.43639,unk,O=[N+]([O-])c1ccccc1,10,15
14.037879,5.575345,29.405766,-56.838444,unk,CC(C)CCON=O,10,15
10.785909,7.742133,-111.130356,-50.880657,unk,[Rh],10,15
10.7031975,6.614142,38.401882,36.418392,base,CCN1CCOCC1,10,3
13.094502,8.143538,14.670426,-46.72341,unk,CCCC[N+](CCCC)(CCCC)CCCC.[Cl-],10,15
14.526442,7.686361,-102.69387,39.538715,unk,O=P([O-])(O)O.[K+],10,15
10.792812,4.365387,43.265682,18.743769,red,B1C2CCCC1CCC2,10,12
7.790894,4.2734737,-19.419659,11.614879,ligand,c1ccc(P(CCCP(c2ccccc2)c2ccccc2)c2ccccc2)cc1,10,10
11.476147,9.243965,-148.95721,20.379738,unk,CCC[N+](CCC)(CCC)CCC.O=[Ru](=O)(=O)[O-],10,15
9.004494,5.198198,-43.992706,44.795937,chelating,NC1CCCCC1N,10,6
13.131414,6.372152,22.849586,-5.3201194,unk,CCI,10,15
14.8655815,5.8765106,-1.677416,-11.7760515,unk,O.O.O.O.O.O.O.O.O.O.O=S(=O)([O-])[O-].[Na+].[Na+],10,15
11.755644,6.2198806,215.04622,16.959433,unk,[Al],10,15
11.799679,5.0598617,11.524007,12.776241,unk,CCCC[SnH](CCCC)CCCC,10,15
11.077496,9.041112,183.26305,-81.68422,unk,CC(C)(C)C(=O)Cl,10,15
13.001588,6.5093083,-14.764251,13.805295,unk,[I-].[Li+],10,15
13.868884,4.9723525,105.07721,-0.06408013,base,[Li]C,10,3
11.893631,5.658418,67.634735,-25.49939,unk,CCCCN(CCCC)CCCC,10,15
14.006281,7.37311,53.97538,-20.406494,unk,O=[Mn](=O)(=O)[O-].[K+],10,15
10.662864,4.9440866,38.13365,10.354583,unk,[C]=O,10,15
10.574746,4.3909345,-30.908665,84.78993,boron,CC1(C)OB(B2OC(C)(C)C(C)(C)O2)OC1(C)C,10,4
10.81364,6.766168,45.006214,36.70097,base,O=C([O-])[O-],10,3
10.795796,9.109619,43.005062,9.884154,unk,O=C1OCCN1P(=O)(Cl)N1CCOC1=O,10,15
12.690471,8.208081,-98.08658,-44.300144,unk,Oc1ccc(O)cc1,10,15
11.140492,6.936344,-76.23623,8.140755,unk,Cc1cc(C)nc(C)c1,10,15
12.104938,8.352613,-52.182354,40.817116,acid,CCN(CC)CC.Cl,10,0
12.135548,6.447434,1.8478372,-70.64825,base,O=S(=O)([O-])O.[Na+],10,3
11.066094,8.754169,-155.83295,12.525643,unk,CC(Cl)OC(=O)Cl,10,15
7.804096,4.5063114,156.25839,74.56767,ligand,CN(C)c1ccccc1-c1ccccc1P(C1CCCCC1)C1CCCCC1,10,10
12.361813,7.0618067,91.68133,-48.33977,unk,[S],10,15
14.430073,8.21514,-54.105,77.98583,unk,O=C([O-])[O-].[Ca+2],10,15
11.395054,8.5969925,20.238537,-88.07382,unk,O=C(Cl)Cl,10,15
13.098107,8.260179,122.02227,87.45378,unk,CCOCCO,10,15
13.026257,6.5071316,54.30782,-36.46258,ligand,C1COCCOCCOCCOCCO1,10,10
11.807261,7.594306,-29.477531,68.331924,unk,NC(N)=O,10,15
14.739595,7.834138,-85.446846,33.061672,unk,[Na+].[O-][Cl+][O-],10,15
7.8955054,4.4512463,344.83804,37.06476,ligand,c1ccc(-c2ccccc2P(C2CCCCC2)C2CCCCC2)cc1,10,10
13.941344,7.470278,-9.069008,-20.255844,unk,C1N2CN3CN1CN(C2)C3,10,15
13.822965,7.725352,-8.914898,-3.3888123,unk,O=S([O-])OO.[K+],10,15
13.559291,6.0536695,-71.19815,107.38737,unk,COC[P+](c1ccccc1)(c1ccccc1)c1ccccc1.[Cl-],10,15
14.0707,8.296988,16.245094,15.845145,unk,O=[N+]([O-])O,10,15
12.491745,3.8263514,118.713394,-85.159935,unk,[N-]=[N+]=NP(=O)(c1ccccc1)c1ccccc1,10,15
13.72914,5.02554,76.97188,-15.965772,unk,CC[Zn]CC,10,15
8.945956,5.1384077,-12.607404,-42.29511,chelating,c1cnc2c(c1)ccc1cccnc12,10,6
11.566292,4.2849975,38.509277,-2.9440887,tin,C=C[Sn](CCCC)(CCCC)CCCC,10,14
14.587509,9.1844,10.808446,-52.132404,unk,O=CC(O)C(O)C(O)C(O)CO,10,15
11.78541,7.902663,-52.43339,-22.448225,unk,OCC(F)(F)F,10,15
12.186933,5.702866,-45.239315,-11.555527,unk,[Br-].[Br-].[Zn+2],10,15
12.472569,9.348581,26.720379,69.62963,unk,CCN(CC)c1ccccc1,10,15
9.973484,7.623874,57.60909,62.247864,additive,O=C1CCC(=O)N1O,10,1
10.449256,8.846518,0.677015,-36.689285,unk,CCC#N,10,15
12.306911,8.230928,-40.035675,-91.07222,red,I,10,12
12.645143,9.013855,17.057652,-72.16046,unk,ClP(Cl)Cl,10,15
11.785694,7.4633675,-8.176032,52.305447,unk,O=C(O)C(=O)O,10,15
14.599437,7.7451053,16.239693,42.411613,unk,NS(=O)(=O)O,10,15
9.879293,7.674576,32.380547,37.22531,unk,O.Oc1cccc2[nH]nnc12,10,15
14.230987,8.346942,8.714291,63.63203,unk,[Cr+6].[O-2].[O-2].[O-2],10,15
11.69653,7.2207074,14.035275,48.032017,base,CC(=O)[O-].O.O.O.[Na+],10,3
13.97401,8.403612,110.59382,22.306486,unk,O=[N+]([O-])[O-].[Ag+],10,15
14.839128,6.2247524,77.6019,28.087914,unk,[H-],10,15
13.023706,7.7753677,97.18868,-62.649517,unk,OCCOCCO,10,15
14.5763445,8.056906,146.96962,-42.654564,unk,CC1(C)CCCC(C)(C)N1[O],10,15
11.535601,8.507443,-4.92942,87.50274,unk,[N-]=C=O,10,15
11.502676,7.093393,102.09254,5.0277257,unk,CC(=O)[O-],10,15
13.207928,5.096697,-51.77894,0.32067782,base,CC1(C)CCCC(C)(C)N1,10,3
14.352884,6.5810184,-39.929367,24.731989,ox,O=[Cr](=O)([O-])O[Cr](=O)(=O)[O-].c1cc[nH+]cc1.c1cc[nH+]cc1,10,11
13.672113,6.536275,41.373547,-43.592335,unk,CCS,10,15
11.227901,6.0817657,13.846046,23.518633,unk,O=C([O-])O,10,15
12.841048,6.8239026,29.55714,-17.1461,unk,CS(=O)(=O)[O-],10,15
12.4667635,5.18798,-7.692448,13.133765,boron,COB(OC)OC,10,4
14.118896,8.175899,33.714405,95.13282,unk,CC(C)=O.O=S(=O)(O)O.O=[Cr](=O)=O,10,15
11.270959,6.4606442,-95.45373,1.8213512,base,N.O,10,3
13.747136,7.595273,103.48655,10.756967,unk,CCCCCCCC[N+](C)(CCCCCCCC)CCCCCCCC.[Cl-],10,15
11.47211,6.655938,120.38024,-38.655983,base,O=C([O-])C(F)(F)F,10,3
13.0415,4.779446,-32.881016,100.23923,base,CC(C)(C)O[K],10,3
13.655591,5.5203166,-39.586708,-75.27905,base,[H-].[K+],10,3
13.109978,6.5602846,-35.419823,-58.31128,unk,Sc1ccccc1,10,15
13.421057,5.7215133,-209.52187,61.883366,base,[NH2-].[Na+],10,3
11.288524,6.782505,155.54945,-67.15482,unk,CC(=O)OC(C)C,10,15
11.817253,7.5372987,123.50299,121.2171,unk,CN1CCN(C)C1=O,10,15
11.825843,7.6078787,39.812134,-45.06051,unk,O=Cc1ccccc1,10,15
10.996723,4.410751,296.0221,97.31219,boron,CB1OB(C)OB(C)O1,10,4
9.005929,5.187338,-0.0832914,71.90442,chelating,Oc1cccc2cccnc12,10,6
14.39991,5.9896216,-15.007874,118.84657,cat,Cl[Ni]Cl.O.O.O.O.O.O,10,5
11.529369,4.350679,-88.80964,19.051102,unk,Cc1cc(C(C)(C)C)c(O)c(C(C)(C)C)c1,10,15
11.777919,8.449824,-58.061714,-41.164326,unk,CCCC[Sn](=O)CCCC,10,15
11.513809,9.0831375,61.618416,22.221579,unk,COC(=O)Cl,10,15
11.5628,5.374912,30.234531,66.97429,unk,O=C1OC(C(O)CO)C([O-])=C1O.[Na+],10,15
11.421068,8.698068,-107.93189,-135.38713,unk,O=C(c1ncc[nH]1)c1ncc[nH]1,10,15
11.758105,7.4215384,90.68442,35.749817,unk,[I-].[I-].[Zn+2],10,15
10.519302,4.4105387,12.038184,-75.38958,boron,OBO,10,4
13.342417,6.111688,-215.77177,-56.00323,unk,CCBr,10,15
9.181015,4.574085,-18.516766,-79.54269,cat,CN(C)c1ccc(P(C(C)(C)C)C(C)(C)C)cc1.CN(C)c1ccc(P(C(C)(C)C)C(C)(C)C)cc1.Cl[Pd]Cl,10,5
14.233113,9.823145,137.11813,3.9555817,unk,NC(CO)(CO)CO,10,15
11.970122,6.8465767,-161.51947,48.485413,unk,[Sn],10,15
10.827262,6.930228,44.359028,110.28665,base,CCN(CC)CC.Cc1ccccc1,10,3
9.0970335,4.4593267,169.39056,93.39067,cat,ClCCl.Cl[Pd]Cl.[CH]1[CH][CH][C]([PH+](c2ccccc2)c2ccccc2)[CH]1.[CH]1[CH][CH][C]([PH+](c2ccccc2)c2ccccc2)[CH]1.[Fe],10,5
13.689103,8.611766,-28.1188,3.3952825,unk,C[N+](C)(C)Cc1ccccc1.[OH-],10,15
12.734727,6.043069,48.614506,-30.615124,ox,O=[Ag],10,11
12.715799,5.9655037,89.610725,-39.529217,unk,[I-],10,15
14.190379,7.304986,-53.94739,40.747135,unk,CC(C)(C)OO,10,15
12.986963,6.374834,-79.43891,-77.30297,unk,BrCc1ccccc1,10,15
12.345574,7.518985,22.964947,12.913157,unk,CCC(=O)O,10,15
11.4216585,7.694299,-83.3023,33.781387,unk,Cl.Cl.Nc1c(F)c(N)c(F)c(F)c1F,10,15
14.851971,7.947927,103.44362,-43.733215,unk,O=S([O-])S(=O)(=O)[O-].[Na+].[Na+],10,15
12.094039,7.2074814,-20.8402,-42.56303,ambience,[Br-].[Na+],10,2
11.766765,4.7981615,89.01154,16.31274,unk,O=C([O-])[O-].[Ag+2],10,15
10.865065,9.196684,-30.50494,-56.37464,unk,C[n+]1ccccc1Cl.[I-],10,15
13.484115,5.2604823,-35.98972,27.803062,unk,[H-].[Li+],10,15
12.724422,4.6652694,-76.69367,-56.89002,base,CC(C)(C)O[Na],10,3
12.143089,7.852882,79.40897,33.665676,unk,C=[N+]=[N-],10,15
11.320965,6.450502,149.64365,33.308926,base,CO.N,10,3
11.663499,6.477502,24.01895,8.023802,unk,Cn1ccnc1,10,15
12.0442095,7.1692395,49.19245,-29.409636,unk,CN1CCCC1,10,15
12.9261,6.075238,67.30866,-11.514446,unk,[Cu]Br,10,15
7.8443184,4.2842245,-87.19159,-29.190044,ligand,c1coc(P(c2ccco2)c2ccco2)c1,10,10
11.230708,6.7974243,-11.570751,42.966805,unk,CNC.Cl,10,15
12.3301325,6.4523315,-10.57069,-1.4990171,unk,C[Si](C)(C)C=[N+]=[N-],10,15
13.962073,5.059585,-318.6827,235.53563,grignard,C[Mg]Cl,10,8
11.643175,6.749564,-17.621653,-13.68588,unk,O=C(O)c1ccccc1,10,15
11.520868,6.2606664,26.36534,-95.820305,unk,NCCO,10,15
14.60265,7.2794533,-117.07211,-4.344738,unk,CCC(C)[BH-](C(C)CC)C(C)CC.[Li+],10,15
14.422645,6.239449,-2.3524072,-82.83803,cat,CC[O-].CC[O-].CC[O-].CC[O-].[Ti+4],10,5
11.489766,6.2815948,57.611843,4.740237,unk,[N-]=[N+]=[N-].[Na+],10,15
11.0259695,7.038684,-36.444675,-51.177444,unk,NCc1ccccc1,10,15
11.006903,8.192246,-7.5778437,15.737087,unk,O=S(=O)([O-])C(F)(F)F.O=S(=O)([O-])C(F)(F)F.O=S(=O)([O-])C(F)(F)F.[Yb+3],10,15
13.141434,6.206292,-89.99726,7.425494,unk,O=[Cu-],10,15
12.156116,7.1686645,83.99734,34.286068,base,O=C([O-])[O-].[Li+].[Li+],10,3
10.81565,9.256163,99.684555,-2.9672067,unk,CCCP(=O)=O,10,15
13.161297,5.969796,-45.800926,38.595123,cat,Cl[Cu]Cl,10,5
11.239024,9.139927,-86.751274,-62.789963,unk,CC(C)=C(Cl)N(C)C,10,15
9.511676,4.3810525,-37.606792,51.739277,cat,ClC(Cl)Cl.O=C(C=Cc1ccccc1)C=Cc1ccccc1.O=C(C=Cc1ccccc1)C=Cc1ccccc1.O=C(C=Cc1ccccc1)C=Cc1ccccc1.[Pd].[Pd],10,5
13.209314,8.476387,165.5387,-5.9808145,unk,Cc1ccccc1S(=O)(=O)O,10,15
11.742582,7.941394,253.06213,150.16362,unk,O=C(Cl)c1ccccc1,10,15
13.036957,5.012547,35.822147,-24.58124,unk,CCC(C)(C)O,10,15
11.778298,7.584308,-60.63471,105.55391,unk,F,10,15
11.487082,5.2725368,-76.37816,25.48593,unk,CN(C)C(=N)N(C)C,10,15
11.895914,5.0879536,17.60101,-18.964197,unk,C1CCOC1.CCCC[N+](CCCC)(CCCC)CCCC.[F-],10,15
11.506456,4.3247776,36.88739,37.683716,tin,C=C(OCC)[Sn](CCCC)(CCCC)CCCC,10,14
14.383623,5.6231823,-8.085321,-94.132484,lewis_acid,Cl[Ni]Cl,10,9
11.592147,7.586411,39.77288,11.294036,unk,CC=O,10,15
10.488484,9.00265,-38.41499,3.4382083,unk,O=P(Cl)(c1ccccc1)c1ccccc1,10,15
14.264912,7.618715,16.634039,11.293747,unk,CCC1CN2CCC1CC2C(Oc1nnc(OC(c2ccnc3ccc(OC)cc23)C2CC3CCN2CC3CC)c2ccccc12)c1ccnc2ccc(OC)cc12,10,15
12.344742,8.996976,-86.16313,-43.808857,unk,Br.CC(=O)O,10,15
12.289192,9.726295,76.81362,69.81178,unk,C[Si](C)(C)CC(N)=O,10,15
12.794792,8.016365,-115.85742,-33.981792,unk,CC(C)(C)OCl,10,15
11.40128,8.5741,271.36102,150.45592,unk,O=C(Cl)Oc1ccccc1,10,15
14.536223,8.936735,102.56189,-11.508786,unk,OCC(O)CO,10,15
8.977074,4.343074,138.61497,1.4280663,cat,c1ccc([P]([Pd][P](c2ccccc2)(c2ccccc2)c2ccccc2)(c2ccccc2)c2ccccc2)cc1,10,5
7.7095575,4.464011,19.675587,40.018623,ligand,CC(C)c1cc(C(C)C)c(-c2ccccc2P(C(C)(C)C)C(C)(C)C)c(C(C)C)c1,10,10
10.702881,9.280236,76.2017,56.997417,additive,CN(C)C(N(C)C)=[N+]1N=[N+]([O-])c2ncccc21.F[P-](F)(F)(F)(F)F,10,1
10.831324,7.7906704,86.20925,-60.330643,unk,CC(=O)[O-].CC(=O)[O-].[Pb+2].[Pd],10,15
12.349308,6.779435,-3.270915,-2.4773848,unk,CO[Na],10,15
7.915918,4.3023367,-55.801327,-22.785103,ligand,CC(C)(C)[PH+](C(C)(C)C)C(C)(C)C.F[B-](F)(F)F,10,10
12.529121,4.2246146,7.2496147,-65.225716,unk,O=[O+][O-],10,15
12.073,9.704523,7.4528904,6.443429,unk,C[Si](C)(C)C(C(N)=O)[Si](C)(C)C,10,15
14.885358,6.322231,159.22179,-22.618877,unk,COCCO[Al+]OCCOC.[H-].[H-].[Na+],10,15
12.612123,7.0169086,96.38764,-13.916231,unk,O=[N+]([O-])[O-].O=[N+]([O-])[O-].O=[N+]([O-])[O-].O=[N+]([O-])[O-].O=[N+]([O-])[O-].O=[N+]([O-])[O-].[Ce+4].[NH4+].[NH4+],10,15
12.516268,3.7860856,132.63817,104.243286,dehydrating,CN(C)C(=O)N=NC(=O)N(C)C,10,7
12.858275,6.8686056,-141.00078,94.87193,unk,CCOC=O,10,15
12.633409,7.8868074,-9.523944,12.233153,unk,O=[PH2]O,10,15
13.844211,8.096028,48.039196,10.104471,unk,CC(=O)O.CC(=O)O.Ic1ccccc1,10,15
11.835386,6.242335,230.94566,1.5974822,unk,O.O=C([O-])O.[Na+],10,15
12.866199,7.7102737,28.038153,77.983246,unk,c1ccc(-c2ccccc2)cc1.c1ccc(Oc2ccccc2)cc1,10,15
14.283489,5.3937364,-48.686737,-34.386,cat,N#C[Cu],10,5
11.531453,5.1459465,-11.285207,15.240441,red,O=C[O-].[Na+],10,12
10.517009,8.929702,19.399784,31.48603,unk,CC[N+](CC)(CC)S(=O)(=O)N=C([O-])OC,10,15
12.093025,8.238887,-40.492733,-33.789715,red,S,10,12
10.4851,9.306723,44.675537,-50.04881,dehydrating,N=C=N,10,7
14.202919,5.472648,10.584917,-37.382298,solvent,CC(Br)Br,10,13
14.59271,9.24608,127.30924,19.950907,unk,OC(CS)C(O)CS,10,15
12.299849,8.65306,-48.46458,56.78997,unk,C[Si](C)(C)C#N,10,15
10.656039,5.738013,55.938618,-39.669514,unk,CP(C)C,10,15
8.515053,6.9088717,86.701004,-26.434135,unk,CC(C)(C)c1nc(N2CCC(F)(F)C2)c2nn[nH]c2n1,10,15
13.05134,7.598486,-66.39107,-6.411417,ox,CC(=O)OO,10,11
11.339832,5.0834713,-55.81163,-52.719837,unk,CCCCN,10,15
11.042208,7.4906497,17.046255,-22.847828,unk,c1ccsc1,10,15
11.185465,9.252958,51.306793,13.09477,unk,COc1nc(OC)nc([N+]2(C)CCOCC2)n1.[Cl-],10,15
14.708271,7.060156,-21.207119,5.694223,unk,CB1OC(c2ccccc2)(c2ccccc2)C2CCCN12,10,15
11.3897295,7.034645,69.629196,74.874626,unk,CCC(C)O,10,15
11.223346,5.5649037,32.046097,41.687435,unk,F[B-](F)(F)F.[H+],10,15
13.26161,8.665647,79.29209,-58.813465,unk,[Cl-].[Cl-].[Cl-].[Ti+3],10,15
13.540409,4.8011503,7.782182,-15.744285,solvent,C1CCOC1.CCCCCCC.CCc1ccccc1,10,13
12.177639,5.5892267,23.975199,13.582902,unk,C1CCC(NC2CCCCC2)CC1,10,15
12.491001,7.4674053,-2.6933517,14.651157,unk,CC1CO1,10,15
12.614308,7.738659,40.136044,62.199173,unk,NC(N)=S,10,15
12.821509,7.7422905,122.59993,50.240147,lewis_acid,Cl[Fe](Cl)Cl,10,9
14.925904,6.340015,-46.081615,5.56127,unk,COCCO[AlH2-]OCCOC.[Na+],10,15
8.705186,6.7169294,-23.564993,115.15735,unk,CCOC(=O)CSc1cnc(N)s1,10,15
12.752652,8.514046,-66.67239,43.833687,unk,COc1ccc(O)cc1,10,15
12.624197,3.713534,-25.95608,-5.324808,solvent,BrC(Br)(Br)Br,10,13
14.830636,7.3424234,-65.471954,86.62318,unk,B#B,10,15
14.12428,8.414327,2.547184,82.31274,unk,OB(O)O,10,15
12.595941,6.2712374,46.08073,29.380842,unk,CCOP(OCC)OCC,10,15
11.243379,5.8308744,36.85426,-55.172188,unk,CN(C)C,10,15
14.358991,8.861754,92.32722,29.601746,unk,O=S(=O)([O-])[O-].[NH4+].[NH4+],10,15
11.613418,5.2524905,-30.399443,47.51246,base,CCCC[N+](CCCC)(CCCC)CCCC.O.O.O.[F-],10,3
12.9942255,8.0257,197.23235,43.047752,unk,CCCCCO,10,15
11.267275,9.183038,225.06372,-34.09468,unk,CN1CC[NH+](C)C1Cl.[Cl-],10,15
13.581191,5.1444407,1.8860748,2.781604,grignard,C[Mg+].[Br-],10,8
12.023976,7.8589554,-167.63968,-19.495718,unk,CC(=O)OCc1c2ccccc2c(COC(C)=O)c2ccccc12,10,15
12.448441,4.2199836,80.67897,-5.088486,unk,O=P(c1ccccc1)(c1ccccc1)c1ccccc1,10,15
13.116144,7.6786146,27.677979,-120.603455,unk,Cc1cc(C)cc(C)c1,10,15
11.166866,7.0880413,-49.611465,-6.5584507,unk,C[Si](C)(C)[O-].[K+],10,15
13.821762,9.137504,-67.340996,-10.6181555,unk,C1CC[NH2+]CC1.CC(=O)[O-],10,15
13.677823,4.8788953,-67.426796,-15.800589,base,CC(C)NC(C)C.[Li],10,3
11.520851,4.3037286,-105.940796,47.15047,tin,C=CC[Sn](CCCC)(CCCC)CCCC,10,14
14.453452,6.2897635,29.101963,-45.03223,cat,CC(C)O[Ti](OC(C)C)(OC(C)C)OC(C)C,10,5
10.821334,7.64301,42.067802,2.7154448,unk,[Ru],10,15
12.999057,7.371044,-110.1991,8.952663,unk,CCCC[N+](CCCC)(CCCC)CCCC.[OH-],10,15
11.560572,6.4682426,124.4747,14.19918,unk,c1ccc(OP(Oc2ccccc2)Oc2ccccc2)cc1,10,15
12.987211,6.604893,-90.01571,26.664356,unk,O=C(Cl)CCl,10,15
11.631614,7.551725,-205.36739,-32.37192,unk,CCO.Cl,10,15
11.0587225,9.314968,-37.18292,-50.227253,unk,CCOP(=O)(Cl)OCC,10,15
9.213203,6.9534593,-347.1736,93.07229,ligand,c1ccc(P(C2CCCCC2)C2CCCCC2)c(-c2ccccc2P(C2CCCCC2)C2CCCCC2)c1,10,10
13.377018,7.979884,85.18583,28.130829,unk,O.O.O.O.O.O=S(=O)([O-])[O-].[Cu+2],10,15
11.319805,6.1930227,-74.63074,-8.018254,unk,[N-]=[N+]=[N-],10,15
11.84524,8.991131,64.42345,63.25034,unk,Clc1nc(Cl)nc(Cl)n1,10,15
13.571113,5.378491,-108.8297,24.663467,red,C[S-].[Na+],10,12
12.892319,6.1726813,-58.462566,19.993034,unk,O=[Cu],10,15
12.693345,3.6041877,-76.12476,-17.904652,solvent,ClC(Cl)(Cl)C(Cl)(Cl)Cl,10,13
13.903122,5.817666,-20.902527,43.088623,lewis_acid,BrB(Br)Br.ClCCl,10,9
8.519754,6.8302665,-101.71956,-32.86892,unk,BrCC1CCCCO1,10,15
14.579866,8.497955,-21.115158,-51.966824,unk,O=P([O-])([O-])O.[K+].[K+],10,15
13.580803,7.2658796,-52.74294,8.527532,unk,CSc1ccccc1,10,15
11.557111,4.36594,-126.45961,-37.749035,tin,C[Sn](C)(C)C,10,14
11.751733,7.089066,-64.466446,111.755325,unk,CCCCP(=CC#N)(CCCC)CCCC,10,15
11.852218,7.1006637,-45.96419,21.15266,unk,NO,10,15
13.189462,7.871302,71.74087,88.45696,base,O=P([O-])([O-])O.[Na+].[Na+],10,3
14.703297,9.019776,-117.61777,1.2574816,unk,O=C(O)CN(CCN(CC(=O)O)CC(=O)O)CC(=O)O,10,15
14.205785,5.228593,83.59882,34.577194,grignard,C[Mg]I,10,8
11.94463,6.7983704,-29.541504,-45.378128,unk,CCOC(=O)CBr,10,15
13.491957,6.319495,52.526608,-2.3655512,unk,C[S+](C)C.[I-],10,15
13.712671,7.695794,28.664406,109.35362,unk,C[O+](C)C.F[B-](F)(F)F,10,15
11.512612,4.9230456,-76.30703,-30.872768,red,[SiH3]c1ccccc1,10,12
12.472932,4.641206,57.65907,40.67522,base,O.O=P([O-])([O-])[O-].[K+].[K+].[K+],10,3
11.775546,9.650273,7.3051543,12.82455,unk,CC(=N[Si](C)(C)C)O[Si](C)(C)C,10,15
13.581883,8.208948,-115.2372,-84.081314,unk,CC(=O)[O-].CC(=O)[O-].CC(=O)[O-].CC(=O)[O-].[Pb+4],10,15
13.631733,8.729949,109.224594,13.384461,unk,Cl.c1cc[nH+]cc1,10,15
12.795877,6.9238763,173.18402,-55.490185,unk,CCOC(=O)CC(=O)OCC,10,15
14.272991,7.1651297,41.379086,187.84192,unk,B.[Na],10,15
11.439711,6.595633,42.632645,-55.66954,unk,CCN(CC)P1(=NC(C)(C)C)N(C)CCCN1C,10,15
10.579737,9.170684,7.0392275,-43.45719,additive,CCOC(=O)C(C#N)=NOC(N(C)C)=[N+](C)C.F[B-](F)(F)F,10,1
12.897604,6.1917553,-102.64965,32.448975,unk,O=C1CCCCC1,10,15
12.665408,8.131551,28.717125,-34.30103,unk,c1ccc2c(c1)Nc1ccccc1S2,10,15
10.98289,8.888079,36.675323,-28.445932,unk,CS(=O)(=O)OS(C)(=O)=O,10,15
10.577375,4.3710012,-25.673498,69.05427,boron,CB(O)O,10,4
11.434696,5.619939,57.21737,10.849294,unk,Brc1ccccc1,10,15
13.592874,7.508761,-122.20214,-27.476469,unk,[Ca+2].[OH-].[OH-],10,15
12.00183,8.982162,-133.6245,47.090446,unk,CC(C)(O)C#N,10,15
13.083842,8.924443,52.379566,-56.009644,unk,[BH3-]C#N,10,15
13.354389,7.2565837,-2.657988,0.56413984,unk,O=C([O-])[O-].[NH4+].[NH4+],10,15
11.173628,8.715392,7.3879623,-75.527145,unk,O=C(Cl)Oc1ccc([N+](=O)[O-])cc1,10,15
10.703608,7.8383436,54.72836,103.163574,cat,[C].[OH-].[OH-].[Pd+2],10,5
14.096626,7.306176,-4.2323356,77.51598,unk,CS(N)(=O)=O,10,15
12.549022,8.681323,211.98682,-253.73418,unk,CC[O+](CC)CC.F[B-](F)(F)F,10,15
13.351408,6.8174167,-71.627144,-61.17786,unk,Cl[Hg]Cl,10,15
7.917192,4.620152,183.14197,71.24867,ligand,CC(C)Oc1cccc(OC(C)C)c1-c1ccccc1P(C1CCCCC1)C1CCCCC1,10,10
11.98838,6.671491,-1.9001338,14.259894,unk,O=C(O)C=CC(=O)O,10,15
11.132925,7.90273,42.7956,-16.781694,unk,Cc1ccc(S(=O)(=O)[O-])cc1,10,15
13.2892,7.930692,98.00172,27.162039,unk,CC(C)CCO,10,15
10.70655,8.214783,6.774489,-38.11284,unk,CN(C)c1cccc2cccc(N(C)C)c12,10,15
7.898165,4.3150525,-18.111925,-16.503536,unk,c1ccc([As](c2ccccc2)c2ccccc2)cc1,10,15
14.065644,7.0382257,-71.68548,-88.17026,unk,ICI,10,15
13.12144,6.937535,104.417015,26.195265,unk,C1CO1,10,15
12.624217,3.7444797,101.46828,-103.02412,cat,[Cl-].[Rh].c1ccc(P(c2ccccc2)c2ccccc2)cc1.c1ccc(P(c2ccccc2)c2ccccc2)cc1.c1ccc(P(c2ccccc2)c2ccccc2)cc1,10,5
12.2706,7.102353,-59.059837,-30.014648,unk,[OH-],10,15
11.40285,8.869707,155.71349,53.503635,unk,O=C(Cl)OC(Cl)(Cl)Cl,10,15
13.136976,8.358042,73.068146,28.454203,unk,COC(C)(C)OC,10,15
13.784099,6.2807856,27.247778,3.5149431,unk,CCCCOCCCC,10,15
13.373514,8.306505,92.10377,54.01024,unk,CN(C)C(=O)Cl,10,15
14.872377,5.816968,86.4682,-61.993946,unk,[F-].[Na+],10,15
14.0567,8.174082,-165.8229,29.189295,unk,O=S(=O)([O-])[O-].[Ag+2],10,15
12.934616,7.498733,-66.314384,-88.28804,unk,O=C(O)C(O)C(O)C(=O)O,10,15
12.027048,7.944253,-41.75433,-50.688107,unk,CNN,10,15
9.103673,5.3789616,-56.209347,-57.514435,chelating,CN(C)CCN,10,6
12.831403,6.0841255,-102.26136,139.70824,ox,BrP(Br)Br,10,11
14.26572,8.055572,54.27451,85.805016,unk,F.c1ccncc1,10,15
14.80001,6.2544885,-52.27925,30.652296,unk,[AlH4-].[Li+],10,15
10.482529,8.91083,24.454195,-21.456585,unk,COCC(C)O,10,15
13.489824,5.8233886,79.638664,-25.66215,unk,c1ccc(-c2ccccn2)nc1,10,15
10.27578,8.972857,25.97393,-74.39119,unk,C[P+](C)(C)CC#N.[I-],10,15
14.617022,9.153975,146.3575,26.379549,unk,[Cl-].[K+],10,15
13.722777,5.082483,48.491417,18.530428,base,[Li]c1ccccc1,10,3
10.937711,4.573587,44.991806,-9.226517,red,[B],10,12
13.89082,4.836911,29.597004,56.285187,base,[CH2-]CCC.[Li+],10,3
11.937627,6.674901,67.67411,102.17841,unk,OCc1ccccc1,10,15
12.241726,7.71482,-2.185345,66.93644,unk,[Mg+2].[O-2],10,15
11.60614,4.7189417,105.7507,68.90897,base,O.O.O.O.O.O.O.O.[Ba+2].[OH-].[OH-],10,3
12.063608,7.745397,8.464813,-13.208005,unk,NC=O,10,15
13.101497,8.376822,46.32516,-18.57995,unk,CCOC(C)O,10,15
14.405685,5.662576,92.27989,24.830969,lewis_acid,[Ce+3].[Cl-].[Cl-].[Cl-],10,9
8.9785795,5.1245065,62.694077,47.471462,unk,CN(C)CC(=O)O.Cl,10,15
12.726674,7.8801875,-59.957386,102.038315,unk,[BH4-].[K+],10,15
14.58868,8.441711,-10.439057,7.6203218,unk,O=P([O-])([O-])[O-].[Na+].[Na+].[Na+],10,15
14.647922,10.071821,108.20478,-49.184246,unk,CSCCC(N)C(=O)O,10,15
12.781739,5.6595316,-17.87519,-32.9567,unk,[Br-].[Br-].[Mg+2],10,15
9.137401,5.2799945,25.127342,-33.284767,solvent,CCCCCCCCCCCC,10,13
13.434964,5.0595155,-89.52693,6.011595,base,C[Si](C)(C)N[Si](C)(C)C.[Li],10,3
10.528503,8.956168,-87.11383,25.729702,additive,CCOP(=O)(OCC)On1nnc2ccccc2c1=O,10,1
9.108552,4.480954,112.795135,68.146324,cat,Cl[Pd]Cl.[CH]1[CH][CH][C](P(c2ccccc2)c2ccccc2)[CH]1.[CH]1[CH][CH][C](P(c2ccccc2)c2ccccc2)[CH]1.[Fe],10,5
12.567464,8.241584,27.616987,89.2144,unk,O=[Se]=O,10,15
14.713844,6.3788166,-16.5277,-60.495037,base,CC(C)[O-].CC(C)[O-].CC(C)[O-].[Al+3],10,3
12.827475,6.907139,-2.658354,0.66226053,unk,CCOC(=O)C(=O)OCC,10,15
11.737812,8.864391,-23.756216,-12.622473,unk,O=S(=O)([O-])C(F)(F)F.[Ag+],10,15
12.232109,8.662303,-29.353817,12.549405,unk,c1nnn[nH]1,10,15
11.281755,6.655197,120.90085,5.309521,base,C1CNCCN1,10,3
12.024826,7.2339144,35.69734,14.822089,acid,Cl.O,10,0
14.068339,8.443105,33.852867,-30.629,unk,O=S(=O)([O-])OOS(=O)(=O)[O-].[NH4+].[NH4+],10,15
10.167127,4.871605,-106.628746,70.69408,unk,CC(=O)C#N,10,15
9.014591,5.2398906,75.52473,-56.886578,unk,CN(C)CC(=O)O,10,15
14.299772,5.34306,20.49871,-21.73095,cat,N#C[Cu]C#N,10,5
9.59154,4.3920217,12.520448,6.692013,cat,CC#N.CC#N.Cl[Pd]Cl,10,5
13.618745,7.4423704,-121.03929,43.147026,unk,O=C([O-])C=CC(=O)[O-],10,15
13.832969,5.043342,108.46741,-85.128365,grignard,CC(C)[Mg]Cl.[Cl-].[Li+],10,8
10.897458,9.139124,-118.532104,-18.27661,unk,CCOC(=O)N1c2ccccc2C=CC1OCC,10,15
13.428632,7.7067537,191.85394,-86.08646,unk,C[N+](C)(C)Cc1ccccc1.[Cl-],10,15
11.081829,7.4361653,175.21402,-104.70857,unk,C1=CCC=CC1,10,15
11.991434,6.3465853,20.29726,-20.532345,boron,CCB(CC)CC,10,4
13.6935425,8.274307,267.8027,98.08967,unk,Cl[Sn](Cl)(Cl)Cl.O.O,10,15
10.9385805,9.211273,26.11692,-68.589005,unk,COc1nc(Cl)nc(OC)n1,10,15
13.975779,8.477825,46.33918,38.79072,unk,O=S(=O)(O)O.O=S(=O)=O,10,15
12.72114,7.8031454,-91.25281,11.976649,unk,CCOC(=O)CC(C)=O,10,15
12.065585,5.7690086,23.66702,45.153645,unk,c1ccc2[nH]ccc2c1,10,15
10.787626,7.7215447,-86.078064,-13.171014,unk,[Co],10,15
11.540853,6.5882974,-1.7748281,-22.08276,unk,CCCCOC(C)=O,10,15
14.643764,9.1616955,-16.989216,-42.615036,unk,Cl.NC(CO)(CO)CO,10,15
10.817393,6.96255,-30.746073,11.492313,unk,CCN(CC)C(C)C,10,15
9.130155,4.4728937,-81.30806,127.96233,cat,Cc1ccccc1[P](c1ccccc1C)(c1ccccc1C)[Pd](Cl)(Cl)[P](c1ccccc1C)(c1ccccc1C)c1ccccc1C,10,5
11.45618,5.9336953,-19.839262,-26.307177,unk,CC(C)(C)OOC(C)(C)C,10,15
13.078848,5.6018467,14.483633,1.8757973,cat,Cl[Ru](Cl)Cl.O,10,5
11.981252,6.002283,-55.253242,-20.677402,unk,CCCC(C)C,10,15
10.482826,8.385387,36.7884,54.81372,unk,Cc1ccc(S(=O)(=O)n2cc(-c3cnn(Cc4cccc(F)c4)c3)c3cc(-c4ccc(C5CCNCC5)cc4)cnc32)cc1.Cl,10,15
13.016234,5.4044724,98.88459,44.388103,unk,O=S=O,10,15
11.708969,6.3755317,76.42668,80.08337,unk,CC(C)(C)[Si](C)(C)Cl,10,15
14.295067,6.6479864,58.99233,64.25169,red,[BH4-],10,12
10.02027,7.690124,45.054108,-119.86729,unk,c1cc(N2CCCC2)ccn1,10,15
11.167018,9.052037,49.109055,53.959743,unk,CCN(CC)CC.F.F.F,10,15
13.512351,5.9845,92.23514,145.06053,unk,CC[P+](c1ccccc1)(c1ccccc1)c1ccccc1.[Br-],10,15
11.820334,4.7036657,-30.208914,59.324368,base,[Ba+2].[OH-].[OH-],10,3
13.335947,8.508913,40.011127,-62.460697,unk,CCOC(C)(OCC)OCC,10,15
11.947701,5.167274,23.942518,-37.142036,unk,O=[Ag-],10,15
8.430526,6.791483,23.935184,17.436872,unk,FC(F)(F)c1ccc(CBr)o1,10,15
12.387348,7.3324423,165.80966,55.177208,unk,CC(=O)c1ccccc1,10,15
13.06937,6.9355545,-41.569332,10.777969,unk,COS(=O)(=O)c1ccc(C)cc1,10,15
13.556788,6.29239,-22.771637,-21.083626,unk,BrCBr,10,15
8.985589,5.200054,11.986735,61.72515,chelating,CC(C)(C)C(=O)CC(=O)C(C)(C)C,10,6
13.0655775,7.979093,184.13483,13.030915,unk,CCOC(=O)C=P(c1ccccc1)(c1ccccc1)c1ccccc1,10,15
11.079183,8.406613,-55.02679,-6.190329,red,CC(=O)O[BH-](OC(C)=O)OC(C)=O,10,12
11.373955,7.591634,14.025808,24.16643,unk,[Al+3].[Al+3].[O-2].[O-2].[O-2],10,15
12.778827,6.5402164,46.0046,-26.973642,unk,c1cn[nH]c1,10,15
10.295002,5.0282907,-50.570805,-91.03143,unk,C=COCCCC,10,15
11.685746,4.327722,101.3729,-65.82478,base,[F-].[NH4+],10,3
12.234969,7.1779895,79.19385,-48.42134,red,[Hg],10,12
11.256472,4.708872,62.190235,-49.90409,solvent,COC,10,13
11.9297085,8.650551,-67.59933,25.281979,unk,[Li+].[O-][Cl+3]([O-])([O-])[O-],10,15
11.211625,8.923666,-118.05374,-263.3007,unk,CCOC(=O)OC(=O)OCC,10,15
12.40555,8.640583,106.08661,79.602264,unk,O=C(O)CS,10,15
11.403276,5.309144,-62.05411,66.75837,unk,C#C[Si](C)(C)C,10,15
12.488912,5.08492,1.2068261,-46.98012,boron,CC(C)OB(OC(C)C)OC(C)C,10,4
11.534799,4.267353,49.39197,56.594276,tin,CCCCC([Sn])=C(CCCC)CCCC,10,14
13.484237,5.020229,70.65434,90.60439,base,C1CCOC1.C[Si](C)(C)[N-][Si](C)(C)C.[Li+],10,3
7.8439145,4.5848837,187.61241,87.10692,ligand,c1ccc(P(c2ccccc2)c2ccccc2Oc2ccccc2P(c2ccccc2)c2ccccc2)cc1,10,10
14.44529,7.658805,-84.22203,-108.07593,unk,[Na+].[Na+].[S-2],10,15
12.982069,6.499679,-142.32657,-26.911507,unk,C=CCBr,10,15
12.991069,4.3273015,105.39086,-43.898804,additive,O=C1c2ccccc2C(=O)N1O,10,1
12.81007,8.295954,19.17381,60.9872,unk,CC[N+](CC)(CC)CC.[Cl-],10,15
12.35121,7.341332,64.848206,53.807785,unk,P,10,15
14.22831,5.062863,-45.62758,12.567448,grignard,CC(C)[Mg]Br,10,8
8.744653,7.1022964,-61.510944,-11.111095,cat,Cl[Pt-2](Cl)(Cl)(Cl)(Cl)Cl.[H+].[H+],10,5
11.973464,8.875797,-11.295935,50.61443,unk,O=C=Nc1ccccc1,10,15
11.259048,9.195898,23.859964,-27.557707,unk,Cc1c(CCO)sc[n+]1Cc1ccccc1.[Cl-],10,15
8.506717,6.893132,174.60666,-108.10635,unk,CCOC(Cc1ccc(OC(C)C(=O)NCCc2ccc(Oc3ccccc3)cc2)cc1)C(=O)O,10,15
11.36329,6.926311,42.240562,24.128704,unk,Cc1cc(C)c(N2CCN(c3c(C)cc(C)cc3C)C2=[Ru](Cl)(Cl)=Cc2ccccc2OC(C)C)c(C)c1,10,15
9.092457,4.592537,18.347456,-32.250233,cat,CC(C)(C)P([c-]1cccc1)C(C)(C)C.CC(C)(C)P([c-]1cccc1)C(C)(C)C.Cl[Pd]Cl.[Fe+2],10,5
10.4687,8.88734,63.48732,50.883533,additive,CCOC(=O)C(C#N)=NOC(N1CCOCC1)=[N+](C)C.F[P-](F)(F)(F)(F)F,10,1
12.395322,8.100609,-58.903084,46.7965,ox,O=C1C(Cl)=C(Cl)C(=O)C(Cl)=C1Cl,10,11
11.291235,8.103402,-36.228188,74.99863,unk,O=C(Cl)OCc1ccccc1,10,15
12.265099,4.542253,-30.295536,-35.09462,unk,CN(C1CCCCC1)C1CCCCC1,10,15
11.445437,5.8706126,99.49115,-80.39325,unk,CC(C)(C)N,10,15
10.702757,7.8402147,70.858086,-63.294334,cat,O=S(=O)([O-])[O-].[Ba+2].[Pd],10,5
14.401545,7.2338915,248.69727,-31.808073,unk,CC[BH-](CC)CC.[Li+],10,15
11.154165,7.5035214,-133.96225,109.451996,unk,COC(C)O,10,15
13.085192,6.018926,10.612701,70.04222,cat,Br[Cu]Br,10,5
11.654786,5.7888556,-0.5206533,-54.90943,unk,FC(F)(F)c1ccccc1,10,15
13.521346,5.0759244,95.819214,-3.5295362,base,CC(C)(C)[O-].[Li+],10,3
11.32528,6.704162,287.9728,-105.47665,base,CCN,10,3
11.158921,4.548742,24.322504,132.05194,base,O.O=C([O-])[O-].[Na+].[Na+],10,3
13.195329,8.333981,-84.14248,-40.45702,unk,COC1CCC(OC)O1,10,15
12.46519,8.4583235,-112.62843,-11.631272,unk,CC(=O)[O-].CC(=O)[O-].O.[Cu+2],10,15
13.780463,5.339322,54.998653,-0.5246141,unk,C[Al+]C.[Cl-],10,15
14.716203,7.6720796,-21.538248,30.2316,unk,O.O=P([O-])(O)O.[Na+],10,15
14.00547,8.010333,16.380886,-33.771736,unk,O=C(O)c1ccccc1I(=O)=O,10,15
12.266041,8.689908,67.29398,21.908737,unk,CCC(=O)OC(=O)CC,10,15
11.321516,9.2676935,32.922825,-43.352135,unk,CCCCCCCCCCCC(=O)[O-].CCCCCCCCCCCC(=O)[O-].CCCC[Sn+2]CCCC,10,15
10.689637,8.48194,87.386086,15.672071,unk,Cc1cc(C(C)(C)C)nc(C(C)(C)C)c1,10,15
14.026576,7.2425346,52.40388,96.15918,unk,[Mn+2].[O-2],10,15
11.080683,5.1444025,-6.9103413,-43.40894,unk,CC(C)(C)C(=O)O,10,15
13.425568,8.690508,-85.779205,19.594381,unk,Cl[Sn]Cl.O,10,15
11.116464,8.857952,126.78687,1.4179038,boron,[B][B][B][B][B][B][B][B][B][B],10,4
14.618989,10.045787,-42.590836,-24.047283,unk,NCC(=O)O,10,15
12.456498,8.308868,62.08391,92.41135,unk,CC(=O)CC(C)=O,10,15
12.1188345,6.9256763,-20.819803,-117.165054,unk,CN.Cl,10,15
10.756888,8.602156,-219.01027,-11.803926,unk,COC(=O)C=P(c1ccccc1)(c1ccccc1)c1ccccc1,10,15
12.362348,6.897138,-224.28464,46.05174,unk,Cl[Ru](Cl)Cl,10,15
10.2480545,8.2484865,31.086472,-28.811663,unk,CCCC#N,10,15
8.528612,6.9276595,-174.67863,77.08452,unk,CC(C)C(C(=O)O)N1Cc2ccc(-c3ccc(NC(=O)c4ccccc4)cc3)cc2C1=O,10,15
11.918007,6.7441382,155.245,-61.08103,unk,CCOCC.Cl,10,15
11.624821,7.32317,7.6360307,-8.839188,base,CC(=O)O[Na],10,3
12.415319,7.9366264,140.30415,-30.000208,unk,C1CN=C2CCCN2C1,10,15
12.969584,9.311264,-60.71948,13.263612,unk,[Al+3].[Br-].[Br-].[Br-],10,15
12.848838,8.508877,-41.596622,37.763245,unk,C1=COCCC1,10,15
12.945301,8.299236,185.6237,-46.152435,unk,O=S(=O)(O)Cl,10,15
11.792399,6.31523,-38.94021,114.517365,unk,CN1CCNCC1,10,15
9.084879,5.2868094,44.082375,67.56184,chelating,O=C(O)c1ccccn1,10,6
12.684498,5.585958,-68.25953,-88.76339,unk,O=Cc1cccc(Cl)c1,10,15
8.58968,6.97648,-82.84537,-1.4540465,unk,CS(=O)(=O)c1ccc(N(CC2CCCC2)C(=O)Nc2nc(CC(=O)O)cs2)cc1,10,15
14.19282,5.323405,10.630589,-25.181839,grignard,Br[Mg]c1ccccc1,10,8
13.770637,5.690904,86.45734,55.543175,unk,Cc1ccccc1S(=O)(=O)O.O,10,15
10.357048,8.671646,-12.245973,25.281557,cat,[C-]#[O+].[C-]#[O+].[C-]#[O+].[C-]#[O+].[C-]#[O+].[C-]#[O+].[Mo],10,5
12.808669,6.753113,52.9811,-8.807466,unk,CCOC(=O)OCC,10,15
14.625351,9.004741,17.162243,-58.605,unk,O=C1OC(C(O)CO)C(O)=C1O,10,15
11.599304,8.875095,-64.25195,22.17903,unk,O=S(=O)=O.c1ccncc1,10,15
13.582465,5.981698,45.99449,-2.5177655,unk,C[P+](c1ccccc1)(c1ccccc1)c1ccccc1.[I-],10,15
14.325983,5.2576623,4.3869247,-43.96023,cat,Cl[Ni]1(Cl)[P](c2ccccc2)(c2ccccc2)CCC[P]1(c1ccccc1)c1ccccc1,10,5
10.164535,8.922046,5.511099,41.71093,additive,CN(C)C(Oc1c(F)c(F)c(F)c(F)c1F)=[N+](C)C.F[P-](F)(F)(F)(F)F,10,1
12.714309,7.6243954,40.956783,64.60145,unk,[Na][Na],10,15
12.882368,5.5661626,-23.489117,-2.761016,base,[Li+].[NH2-],10,3
11.665404,6.112992,-1.3613015,-111.8551,unk,[NH4+],10,15
13.253049,6.827341,-33.806305,-5.3472705,unk,O=C(c1ccccc1)c1ccccc1,10,15
13.243618,6.333029,-178.10088,7.3601913,unk,BrCCCBr,10,15
13.782086,9.2902,174.32658,23.372986,unk,N#CCC#N,10,15
12.872207,7.660914,28.285975,24.2451,unk,COC(=O)OC,10,15
11.425596,4.490878,-162.69923,-122.41158,unk,CN1C(=O)CC(=O)N(C)C1=O,10,15
12.687098,5.9686546,136.47804,76.44384,unk,NC1CCCCC1,10,15
13.156258,8.460357,-79.47426,-56.17944,unk,CCOC([O-])[O-],10,15
10.738709,7.274993,110.84393,9.284744,unk,O=C(O)C(Cl)Cl,10,15
11.392483,5.9527326,130.83139,19.511343,unk,[Ca+2].[O-2],10,15
11.766789,6.037118,56.97831,55.41013,unk,O=S(=O)([O-])C(F)(F)F,10,15
13.367556,6.5083203,-73.0392,16.39795,unk,COCCOCCN(CCOCCOC)CCOCCOC,10,15
8.589926,6.6632752,17.756409,48.804375,unk,[K+].[N-]=[N+]=[N-],10,15
7.921502,4.3371043,19.577068,121.74396,ligand,c1ccc(P(CCCCP(c2ccccc2)c2ccccc2)c2ccccc2)cc1,10,10
11.786124,6.623304,14.0739565,-70.24788,solvent,CO.ClCCl.N,10,13
12.365767,5.622927,7.6427236,-27.4525,unk,O=S(=O)([O-])C(F)(F)F.O=S(=O)([O-])C(F)(F)F.[Cu+2],10,15
12.688624,8.597182,-29.237032,-62.44078,unk,Cc1cc(C)c(N2CCN(c3c(C)cc(C)cc3C)C2=[Ru](Cl)(Cl)(=Cc2ccccc2)[P](C2CCCCC2)(C2CCCCC2)C2CCCCC2)c(C)c1,10,15
9.537461,4.4272046,-176.0509,24.025085,cat,CC(=O)O[Pd]OC(C)=O,10,5
8.47881,6.8028607,-105.60092,-23.42489,unk,COC(=O)CC1COc2cc(OC3CCc4c(B5OC(C)(C)C(C)(C)O5)ccc(F)c43)ccc21,10,15
13.123232,6.7059407,104.48865,-73.87766,unk,CC(=O)CCl,10,15
11.008702,5.535644,-31.934294,-49.08395,unk,F[B-](F)(F)F,10,15
14.418054,5.97998,-115.47154,30.425285,cat,Cl[Co]Cl.O.O.O.O.O.O,10,5
7.9152102,4.68794,-57.44889,-57.304276,ligand,CCCCP(C12CC3CC(CC(C3)C1)C2)C12CC3CC(CC(C3)C1)C2,10,10
13.351244,7.570332,-9.478967,-0.41372052,unk,C[N+](C)(C)C.[Cl-],10,15
14.51668,7.6261754,-2.5035055,42.893078,unk,C=C(C)C,10,15
12.314816,9.605569,-39.13004,34.985344,unk,C[N+](C)=CCl.[Cl-],10,15
12.495388,7.1992216,-84.19142,-11.023362,unk,COC(C)=O,10,15
14.299039,8.650794,48.253807,-58.70711,unk,O=S(=O)([O-])OOS(=O)(=O)[O-].[K+].[K+],10,15
12.954168,8.499418,8.474156,-6.2877803,unk,COC(C)(OC)OC,10,15
12.398468,8.96061,130.22223,-14.913962,unk,O=c1n(Cl)c(=O)n(Cl)c(=O)n1Cl,10,15
11.203287,5.4885097,19.34178,-40.576622,ox,O=C1CCC(=O)N1I,10,11
14.126803,8.375995,41.63262,-2.2345414,unk,O=[Cr](=O)(O)O,10,15
13.469523,6.900844,15.148536,4.3370557,unk,ClCC1CO1,10,15
14.336182,8.871092,8.284054,240.24925,unk,OCCN(CCO)CCO,10,15
14.044744,7.686734,128.17348,7.7227306,unk,N#C[Fe-3](C#N)(C#N)(C#N)(C#N)C#N.[K+].[K+].[K+],10,15
10.881231,7.696787,-33.84708,-103.86384,unk,CC(N)c1ccccc1,10,15
12.362683,7.0352283,54.332584,82.918915,unk,N#Cc1ccccc1,10,15
11.92266,9.156971,-17.594324,0.4901501,unk,O=C=NS(=O)(=O)Cl,10,15
11.726425,5.108867,-177.08212,-62.4362,base,CCCC[N+](CCCC)(CCCC)CCCC.O.[F-],10,3
8.641653,6.6287103,120.500565,-29.839014,unk,Cc1cn(C2CC(O)C(CO)O2)c(=O)[nH]c1=O,10,15
9.209325,6.941877,155.28273,-38.957493,unk,[Br-].[Br-].[Br-].c1cc[nH+]cc1.c1cc[nH+]cc1.c1cc[nH+]cc1,10,15
12.24962,3.9333553,-70.03087,6.830518,unk,O=C(N=NC(=O)OCc1ccccc1)OCc1ccccc1,10,15
9.1314125,4.599051,-113.42076,-19.706396,cat,CC(C)(C)P(C(C)(C)C)C(C)(C)C.CC(C)(C)P(C(C)(C)C)C(C)(C)C.[Pd],10,5
14.614568,10.02827,-32.85979,79.644035,unk,CC(N)C(=O)O,10,15
11.681719,5.7592587,-61.698402,10.488173,unk,CC(C)N,10,15
12.52693,9.253723,83.550064,56.89613,unk,C[O-].[Li+],10,15
13.071275,4.990877,-190.10326,-12.835627,base,CC(C)(C)[O-],10,3
13.818796,8.144656,-103.02026,-21.090336,unk,O=[N+]([O-])[O-].[Na+],10,15
13.431052,6.1262445,-65.0384,-74.79567,unk,BrCCCCBr,10,15
14.093705,5.6877937,177.87645,-3.558567,unk,C[O-].C[O-].[Mg+2],10,15
12.363139,8.609012,-155.0299,18.619766,unk,O=S(=O)(Cl)c1ccccc1,10,15
13.857097,8.401247,15.15591,-11.464735,unk,O=[Hg],10,15
12.553639,4.0608044,105.923836,88.60869,unk,CC(=O)[O-].CC(=O)[O-].[Rh+2],10,15
11.333807,7.356313,136.16946,-43.958427,unk,C1=C(C2=NNCCCCCCCC2)CCCCCCCCC1,10,15
11.655371,4.8976903,5.1365314,106.718254,lewis_acid,[Cl-].[Cl-].[Cl-].[In+3],10,9
13.822658,5.4387827,33.132027,27.726454,unk,[In],10,15
13.466103,6.5345473,22.49346,-75.15155,unk,Nc1cc[nH]n1,10,15
12.546795,3.7396884,44.876476,41.38298,unk,CCOC(=O)N=NC(=O)OCC.Cc1ccccc1,10,15
9.144834,4.831381,38.42201,45.725426,cat,CC(C)c1cc(C(C)C)c(-c2ccccc2P(C2CCCCC2)C2CCCCC2)c(C(C)C)c1.Cl[Pd+].NCCc1[c-]cccc1,10,5
8.433294,6.9233994,-20.047783,17.532938,unk,COC(=O)C(C(C)C)N1Cc2ccc(-c3ccc(N)cc3)cc2C1=O,10,15
12.371875,3.8503525,42.912792,-18.08996,unk,O=C1NC(=O)c2ccccc21,10,15
14.235311,6.802922,21.361237,-17.243818,unk,[Cl-].[Cl-].[Cl-].[Cl-].[Zr+4],10,15
14.896367,7.9148264,-110.2137,0.53955334,unk,O.O.O.O.O.O=S([O-])([O-])=S.[Na+].[Na+],10,15
11.407591,9.146986,-86.75622,-24.597418,unk,COc1nc(OC)nc([N+]2(C)CCOCC2)n1.O.[Cl-],10,15
8.001168,4.6719184,-105.93734,-10.340304,ligand,COc1ccc(OC)c(P(C2CCCCC2)C2CCCCC2)c1-c1c(C(C)C)cc(C(C)C)cc1C(C)C,10,10
11.782692,7.028459,-134.12263,-70.370285,unk,OCC1CCCO1,10,15
13.847481,8.747358,130.10814,-146.8016,unk,CS(=O)(=O)O.O=P12OP3(=O)OP(=O)(O1)OP(=O)(O2)O3,10,15
11.754087,4.629315,70.414185,-84.83064,unk,C[Zn]C,10,15
13.573014,8.448557,41.580143,-1.6347635,unk,[Ti],10,15
13.0462265,7.726827,122.70805,22.972958,unk,OCCOCCOCCO,10,15
12.787795,7.0537705,-33.693695,58.442627,unk,CCl,10,15
10.879232,7.6282654,51.714607,12.00451,unk,CCO.N,10,15
10.958262,7.537131,-111.74089,5.6480455,unk,COc1ccc(P2(=S)SP(=S)(c3ccc(OC)cc3)S2)cc1,10,15
9.111545,4.513914,12.192314,49.51939,cat,c1ccc([PH](c2ccccc2)(c2ccccc2)[Pd-4]([PH](c2ccccc2)(c2ccccc2)c2ccccc2)([PH](c2ccccc2)(c2ccccc2)c2ccccc2)[PH](c2ccccc2)(c2ccccc2)c2ccccc2)cc1,10,5
7.891061,4.62128,-44.81857,-44.899845,ligand,CC(C)(C)P(c1ccc2ccccc2c1-c1cccc2ccccc12)C(C)(C)C,10,10
11.929005,4.9936666,32.77496,22.216713,unk,[Cu].[Zn],10,15
13.315278,6.8793974,-186.03296,10.476117,unk,ClCc1ccccc1,10,15
11.742616,7.98188,-10.61974,17.89449,unk,[Ag],10,15
12.998169,6.884881,72.863014,-43.54819,unk,c1ccc2ccccc2c1,10,15
10.5972805,5.534861,-119.14858,105.8423,unk,CCN(CC)S(F)(F)F,10,15
11.492141,9.174576,1.1690602,63.412785,unk,[Au],10,15
12.324653,9.001561,73.63937,-47.16006,unk,O=C1CCC(=O)O1,10,15
13.6553,5.3946,23.213585,99.733536,red,O.O.O.O.O.O.O.O.O.[Na+].[Na+].[S-2],10,12
13.958364,5.1166306,102.14196,34.595833,grignard,CCCC[Mg]Cl,10,8
12.624404,6.4653306,230.36124,196.27753,unk,CC(C)(C)OC(=O)CBr,10,15
14.88764,6.245503,-27.001995,-6.9859486,unk,CC(C)C[Al+]CC(C)C.Cc1ccccc1.[H-],10,15
8.388379,6.856462,-17.54911,39.527958,tin,CCCC[Sn](Cl)(Cl)CCCC,10,14
11.4872265,8.462304,-32.665054,15.04411,unk,CC1(C)OC(=O)CC(=O)O1,10,15
9.588317,4.3834157,50.36888,-4.616953,cat,Cl[Pd]Cl.N#Cc1ccccc1.N#Cc1ccccc1,10,5
8.554137,6.7891393,-95.49007,92.88022,unk,O=C1C(Br)=C(c2ccccc2)c2ccc(OCCN3CCOCC3)cc21,10,15
11.681296,6.496785,243.68127,20.663107,solvent,CO.ClCCl.[NH4+].[OH-],10,13
10.527651,9.285747,-143.77954,182.5827,additive,CN(C)C(On1ccccc1=O)=[N+](C)C.F[B-](F)(F)F,10,1
8.550881,6.930384,-45.385498,-39.272102,cat,Cl[Ru](Cl)(=Cc1ccccc1)([P](C1CCCCC1)(C1CCCCC1)C1CCCCC1)[P](C1CCCCC1)(C1CCCCC1)C1CCCCC1,10,5
10.346373,9.183366,32.24519,-5.59715,additive,CN(C)C(N(C)C)=[N+]1N=[N+]([O-])c2ccccc21.F[P-](F)(F)(F)(F)F,10,1
8.866691,5.126812,-62.11754,-23.51814,cat,CC(C)c1cc(C(C)C)c(-c2ccccc2P(C2CCCCC2)C2CCCCC2)c(C(C)C)c1.Nc1ccccc1-c1ccccc1[Pd]Cl,10,5
9.98219,7.6227016,-7.1879854,-3.8095772,unk,Oc1c(F)c(F)c(F)c(F)c1F,10,15
13.686386,8.520092,28.97916,-14.416402,unk,O=C(O)C(Cl)(Cl)Cl,10,15
13.48054,6.732015,-90.33123,6.4458623,unk,C=CC=C,10,15
13.862929,9.423028,86.3943,-33.518475,unk,NCCC(=O)O,10,15
14.311421,7.66671,-240.822,-7.51066,unk,[Cl-].c1cc[nH+]cc1,10,15
13.803942,7.773645,14.97497,31.681633,unk,O=C(OI(OC(=O)C(F)(F)F)c1ccccc1)C(F)(F)F,10,15
12.6014,9.509044,61.428383,16.653444,unk,CC(C)(C)c1cccc(C(C)(C)C)n1,10,15
13.881935,6.678985,-108.71217,30.543417,unk,[W],10,15
10.796798,6.6166444,62.061565,20.79727,base,CN1CCCCC1,10,3
13.51307,7.721262,84.54186,-26.575386,unk,OC1CCCCC1,10,15
11.043924,4.6378527,81.2408,-12.501901,unk,OCCCO,10,15
12.575211,3.777283,-0.6009121,0.86423594,unk,O=C1OC(=O)c2ccccc21,10,15
12.856737,6.84246,-34.00419,139.16878,unk,COC=O,10,15
11.390924,6.6100225,457.3608,-123.73509,unk,O=C1c2ccccc2C(=O)C1(O)O,10,15
11.028493,8.427512,-313.70374,18.007414,unk,O=P(Cl)(Oc1ccccc1)Oc1ccccc1,10,15
9.962375,7.6149516,88.87462,49.634598,additive,O=c1c2ccccc2nnn1O,10,1
13.589499,7.451187,-28.692604,-2.8325913,unk,CCCC[N+](CCCC)(CCCC)Cc1ccccc1.[Cl-],10,15
13.57984,7.375573,147.08536,74.28177,unk,NC(Cc1ccc2ccccc2c1)C(=O)O,10,15
10.85486,8.333212,101.1872,-75.25046,unk,O=S(=O)([O-])C(F)(F)F.O=S(=O)([O-])C(F)(F)F.O=S(=O)([O-])C(F)(F)F.[Sc+3],10,15
11.303265,4.5131536,32.347656,-34.73817,base,CC(=O)O[K],10,3
14.821122,5.7832212,-171.1882,-93.498314,unk,O.[Na+].[OH-],10,15
11.150422,5.313574,68.24625,-36.769993,unk,CN(C)CCO,10,15
14.620282,10.093043,127.022964,101.664856,unk,NC(Cc1ccccc1)C(=O)O,10,15
13.5538025,5.647497,-161.38716,-66.66844,base,CC[O-].[K+],10,3
12.654824,9.393031,-23.274336,13.459375,unk,C1=NCCCN2CCCCC12,10,15
12.649153,7.5808096,-1.8738781,-7.487076,unk,O=C1NS(=O)(=O)c2ccccc21,10,15
11.343187,4.3534245,-36.90858,97.19337,unk,O=C([O-])c1cccs1.[Cu+],10,15
8.676014,7.031634,23.794868,-51.44086,unk,COC(=O)c1scc(-c2ccccc2)c1N,10,15
12.992044,5.72922,51.968376,-96.37801,unk,OCCNCCO,10,15
11.713522,9.381123,-20.1092,41.743095,unk,F[B-](F)(F)F.[Ag+],10,15
12.802642,9.369098,-48.46839,-37.13279,unk,CC[N+](=O)[O-],10,15
13.268982,7.2443514,2.6447732,-8.727651,unk,C1CCC2CCCCC2C1,10,15
12.274373,7.096061,-160.66902,23.887468,base,CCO.CC[O-].[Na+],10,3
12.141554,7.7413363,-104.62349,-25.386185,unk,NC(=O)[O-],10,15
12.26227,9.377742,-102.14689,3.1107934,unk,c1nc[nH]n1,10,15
8.399811,6.7757096,39.013065,45.641815,cat,CC(=O)O.CC(=O)O.CC(=O)O.CC(=O)O.[Rh].[Rh],10,5
13.673933,5.266344,20.452675,52.857864,base,C[Si](C)(C)N[Si](C)(C)C.[Na],10,3
11.471699,9.445288,89.06781,63.503304,unk,CC(C)(C)[Si](C)(C)OS(=O)(=O)C(F)(F)F,10,15
8.494081,6.9692116,-89.32862,-32.678387,unk,O=C1Nc2ccccc2C12COc1cc3c(cc12)CCO3,10,15
11.458407,5.4906754,-30.147087,60.122032,unk,O=[Si]([O-])[O-].[Mg+2],10,15
12.607785,9.30087,-48.40897,0.12200114,unk,CCC(=O)Cl,10,15
11.679598,9.06053,-158.3591,3.5005715,unk,CC(C)OC(=O)Cl,10,15
12.672545,7.391874,54.10173,83.15385,unk,C=Cc1ccccc1,10,15
14.60168,9.102666,-86.182335,32.675205,unk,OCC1OC(OC2(CO)OC(CO)C(O)C2O)C(O)C(O)C1O,10,15
10.631832,9.145091,-13.331772,-78.20675,additive,CN(C)C(On1nnc2cccnc21)=[N+](C)C.C[NH3+].F[P-](F)(F)(F)(F)F.F[P-](F)(F)(F)(F)F,10,1
14.440074,9.8302965,-29.806818,-36.546234,unk,COc1ccc(C=O)cc1,10,15
13.857358,7.0764136,-84.55439,38.03999,unk,FF,10,15
14.631687,9.228883,54.825363,-14.546028,unk,NC(=O)C1=CN(C2OC(COP(=O)(O)OP(=O)(O)OCC3OC(n4cnc5c(N)ncnc54)C(O)C3O)C(O)C2O)C=CC1,10,15
14.038378,7.7486362,60.56315,-33.288635,unk,O=[N+]([O-])[O-].[Ce].[NH4+],10,15
14.18397,5.125125,102.56792,-40.84877,grignard,CC(C)(C)[Mg]Cl,10,8
14.104978,4.940963,48.514553,37.239925,grignard,CC[Mg+].[Br-],10,8
11.942905,6.5356984,45.27573,-101.365585,unk,c1ccc2[nH]nnc2c1,10,15
11.17022,5.0880823,87.26796,44.686882,unk,Ic1ccccc1,10,15
14.67078,7.7329698,52.857418,-130.07968,unk,O.O.O=P([O-])(O)O.[Na+],10,15
13.89875,6.7088504,73.71315,22.96823,unk,N#CC1(N=NC2(C#N)CCCCC2)CCCCC1,10,15
10.231492,8.872692,49.37084,73.274086,unk,OC1CCNC1,10,15
10.954989,7.2515283,-57.90397,-66.72907,unk,O=C([O-])Cl,10,15
12.756684,6.8503876,115.14613,129.91692,unk,COCOC,10,15
14.544382,9.274468,76.94375,7.3836923,unk,OCCS,10,15
13.349902,8.110332,10.036795,-13.566335,unk,CC(=O)[O-].CC(=O)[O-].[Co+2],10,15
11.304251,6.835188,7.1484184,-76.41004,unk,CC(C)(C)OC(=O)N1CCNCC1,10,15
13.272566,6.4241743,-215.84683,82.43636,unk,CCCI,10,15
11.849442,4.5863533,36.57619,-19.215494,unk,c1ccc(P(CCP(c2ccccc2)c2ccccc2)c2ccccc2)cc1,10,15
11.810316,6.2393427,63.668156,30.105335,unk,O.O.[Cl-].[Na+],10,15
14.64983,9.208964,-54.8689,-80.458435,unk,NC(=O)C1=CN(C2OC(COP(=O)(O)OP(=O)(O)OCC3OC(n4cnc5c(N)ncnc54)C(OP(=O)(O)O)C3O)C(O)C2O)C=CC1,10,15
12.924664,4.704253,20.163364,27.622383,base,[Li]N([Si](C)(C)C)[Si](C)(C)C,10,3
10.266481,7.4333234,-30.447008,-25.872858,unk,S=C(n1ccnc1)n1ccnc1,10,15
14.173981,7.8566046,142.11128,-70.891846,unk,CC1C(B(Cl)C2CC3CC(C2C)C3(C)C)CC2CC1C2(C)C,10,15
12.958586,7.7780395,103.30736,-36.579643,unk,Cl[Fe](Cl)Cl.O.O.O.O.O.O,10,15
14.58515,7.0354443,52.741547,-41.57944,unk,CC[B-](CC)CC.[Li+],10,15
13.280632,5.105315,95.83656,-9.244944,base,CN(C)CCN(C)CCN(C)C,10,3
13.819457,6.829055,91.70152,31.48434,unk,NC1c2ccccc2CC1O,10,15
7.861312,4.377659,5.4216375,30.72477,ligand,CC(C)(C)P(C(C)(C)C)C(C)(C)C.F[B-](F)(F)F,10,10
14.6114435,10.132801,30.003136,-27.208094,unk,NC(CC(=O)O)C(=O)O,10,15
13.5308895,5.91874,-54.794807,10.175137,unk,[PH4+],10,15
14.908074,6.079668,48.3109,-0.6799892,unk,CC(C)(C)O[Al](OC(C)(C)C)OC(C)(C)C.[H-].[Li+],10,15
13.513606,6.360859,-115.46518,7.0305104,unk,c1ccc2c(c1)OCCOCCOc1ccccc1OCCOCCO2,10,15
11.342317,4.6707625,88.26443,34.39184,unk,Oc1ccccn1,10,15
12.605529,8.159428,47.931305,-109.95735,unk,Cc1ccc(S(=O)(=O)NN)cc1,10,15
13.282078,7.116164,15.231261,4.8319173,unk,Clc1ccc(Cl)cc1,10,15
14.691817,10.018018,-7.649927,-64.82795,unk,NC(CS)C(=O)O,10,15
13.178815,6.7605457,-97.799,179.82219,unk,CCOC(=O)CP(=O)(OCC)OCC,10,15
12.488666,4.9328938,73.704445,5.672247,base,CCCCCCCCCCCCCCCC[N+](C)(C)C.[Br-],10,3
12.158858,9.746685,23.64291,10.078329,unk,CC(=O)N[Si](C)(C)C,10,15
12.019131,5.5012183,57.86372,41.140015,unk,C#Cc1ccccc1,10,15
13.026076,7.313802,-47.647778,-154.3301,unk,CO.[K+].[OH-],10,15
10.546855,4.3974595,12.0559635,-37.82993,boron,Cc1ccccc1B(O)O,10,4
10.388264,9.025977,-0.7524021,-172.23964,additive,CN(C)C(ON1C(=O)CCC1=O)=[N+](C)C.F[B-](F)(F)F,10,1
11.9534855,6.1582475,38.248283,62.09473,unk,CC[N+](CC)(CC)S(=O)(=O)NC(=O)OC.[OH-],10,15
10.417161,9.404991,-49.608883,-12.16634,dehydrating,CCN=C=N.Cl,10,7
8.447615,6.826547,86.78279,42.554752,unk,Cc1noc2cc3c(cc12)C1(CO3)C(=O)Nc2ccccc21,10,15
14.416457,8.376908,21.16587,57.70922,unk,O.O.O.O.O.O.O.O=S(=O)([O-])[O-].[Fe+2],10,15
12.454111,9.508514,70.56213,-18.4411,unk,C=C1CC(=O)O1,10,15
12.219268,5.229087,95.546074,65.68963,unk,O=C1CCC(=O)N1,10,15
12.669798,8.082764,-605.59827,-9.0063925,unk,CC[NH+](CC)CC.[Cl-],10,15
13.327044,5.433074,-20.666115,-13.314548,base,CC(C)(C)[O-].[K],10,3
10.607043,9.074041,94.98809,18.966259,unk,CN(C)CCCN,10,15
12.531191,7.059939,-71.56519,-14.936834,unk,O.O=C(O)CC(O)(CC(=O)O)C(=O)O,10,15
13.670856,6.6910744,22.801239,25.506563,unk,CC(C)CC(C)(C)C,10,15
13.332216,8.682164,90.08185,13.159104,unk,CC(C)CC(C)O,10,15
12.742182,6.9021783,46.762512,15.174365,unk,CN(C)C(OC(C)(C)C)N(C)C,10,15
8.451244,6.8554554,-57.803143,23.738594,unk,NCC1CCCCC1,10,15
10.231758,8.9507,-30.620918,-24.188265,unk,CC(=O)O.NN,10,15
11.036856,5.73985,-75.96999,64.39535,unk,CC(C)[SiH](C(C)C)C(C)C,10,15
11.9966755,6.0888786,114.12536,104.87891,unk,O=S(=O)(N(c1ccccc1)S(=O)(=O)C(F)(F)F)C(F)(F)F,10,15
13.775262,5.7429576,61.192383,200.2855,unk,CN(C)C(=NC(C)(C)C)N(C)C,10,15
13.9488535,6.0365634,-80.19256,-16.83019,unk,COP(=O)(OC)C(=[N+]=[N-])C(C)=O,10,15
8.830088,6.913394,76.75687,-48.443104,unk,CN(C)c1ccc(-c2nc3c(N4CCN(C(=O)Nc5ccccc5)CC4)c(Br)cnc3[nH]2)cc1,10,15
12.075503,8.628498,-92.67537,19.491993,unk,S=P12SP3(=S)SP(=S)(S1)SP(=S)(S2)S3,10,15
13.412382,5.4274426,-48.76431,53.04444,boron,CCCCOB(OCCCC)OCCCC,10,4
13.180073,7.0651746,-9.995103,23.352234,unk,[P],10,15
11.452457,5.637088,-57.6379,-68.21978,unk,C#C,10,15
14.443845,7.8051567,-60.37572,-17.308577,unk,O.O.O=[W](=O)([O-])[O-].[Na+].[Na+],10,15
14.253343,6.6491594,28.830885,124.13091,cat,Cl[Co]Cl,10,5
12.813134,9.359613,-20.901367,16.117691,unk,ClCC(Cl)(Cl)Cl,10,15
12.199805,5.8626847,14.5106,-9.529244,unk,C=CC(=O)OC,10,15
13.444931,7.1228943,-79.5184,46.345192,unk,O=Cc1ccc(F)cc1,10,15
14.791859,6.224352,-67.10648,21.222391,unk,CC(C)C[Al]CC(C)C,10,15
13.731716,5.697811,-64.73564,194.00945,unk,CC[S-].[Na+],10,15
12.563147,7.0634794,-35.471603,20.39254,unk,CCOCCOCCO,10,15
13.310762,6.630304,115.31232,54.34907,unk,O=C1OCCO1,10,15
14.656546,9.15595,-48.56494,38.990356,unk,NC(=O)c1ccc[n+](C2OC(COP(=O)(O)OP(=O)(O)OCC3OC(n4cnc5c(N)ncnc54)C(OP(=O)(O)O)C3O)C(O)C2O)c1,10,15
13.043705,8.991918,146.5753,-81.12589,unk,[B-]C#N.[Na+],10,15
11.046771,9.22092,19.694027,19.060326,unk,O=C(Cl)c1c(Cl)cc(Cl)cc1Cl,10,15
10.629247,5.37797,18.476704,26.030077,unk,CC(C)(C)OC(N)=O,10,15
8.464831,6.9570627,136.98607,4.9234667,unk,O=C(O)c1ccccc1-c1cccs1,10,15
12.001974,5.5578923,14.032372,-141.83078,unk,CC(=O)[O-].[Ag+],10,15
13.18808,7.6336994,-3.2363567,-35.503643,solvent,CCCCCCCC,10,13
13.417051,7.1119466,41.67963,-92.891335,unk,O=S(=O)([O-])[O-].[Ca+2],10,15
13.108306,7.478689,47.66605,6.9375715,unk,c1ccc2c(c1)CCCC2,10,15
11.748776,5.7315235,-111.90955,-9.87422,unk,c1ccc(-c2ccccc2)cc1,10,15
12.957082,6.3210087,-171.68214,26.507515,unk,COC(=O)CBr,10,15
12.473754,7.610136,-4.310586,33.118065,unk,CCCCNCCCC,10,15
12.618195,8.7865095,76.99067,-49.56954,unk,O=C(O)CC(=O)O,10,15
11.3701315,6.63465,-51.60847,-161.42273,base,c1cncnc1,10,3
11.544454,5.933135,-11.526696,-10.61425,unk,[Na+].[O-]c1ccccc1,10,15
10.478498,7.8628707,-36.83417,-17.217585,unk,CCN(CC)CC.O=CO,10,15
10.990045,7.566095,67.442245,90.34957,unk,OCC1(O)OCC(O)C(O)C1O,10,15
8.046186,4.7972956,-49.21106,-48.378956,ligand,CC(C)C1=CC(C(C)C)=C(c2ccccc2)C(C(C)C)(P(C2CCCCC2)C2CCCCC2)C1,10,10
12.625776,7.559829,8.205579,74.90712,unk,C=CC(=O)O,10,15
14.066183,5.670434,142.43109,-25.615147,unk,CCOP(=O)(OCC)OCC,10,15
12.381025,7.3764534,90.08237,-46.933105,unk,CC1CCCCC1,10,15
14.676597,10.114012,80.2562,-77.36224,unk,CC(C)CC(N)C(=O)O,10,15
12.927418,7.2336955,-53.613808,30.260769,unk,CC(=O)[O-].CC(=O)[O-].[Hg+2],10,15
13.20942,7.4448156,141.82085,18.495632,base,C[O-].[K+],10,3
13.807084,9.292539,45.467907,-48.663433,unk,C1CCNCC1.CC(=O)O,10,15
13.223799,7.4584446,27.465876,91.04597,unk,C=C,10,15
12.652138,5.596563,-124.40118,-96.41422,unk,CO.O=C=O,10,15
12.834964,5.4309783,61.408455,63.341934,base,CC(C)NC1CCCCC1,10,3
13.1423025,8.079973,51.978497,-23.191622,unk,CS(C)(=O)=O,10,15
14.42409,5.8439035,-127.78921,-69.60574,lewis_acid,O.O.O.O.O.O.O.[Ce+3].[Cl-].[Cl-].[Cl-],10,9
7.9407845,4.3916473,120.35727,77.84025,ligand,O=S(=O)([O-])c1cccc(P(c2cccc(S(=O)(=O)[O-])c2)c2cccc(S(=O)(=O)[O-])c2)c1.[Na+].[Na+].[Na+],10,10
14.200828,6.3829093,98.29799,-26.457142,unk,CCOC1(O[Si](C)(C)C)CC1,10,15
8.719114,6.6895657,45.5254,27.302399,unk,CCOC(=O)C(C)(C)Sc1cnc(N)s1,10,15
12.44454,6.67074,104.82821,7.787932,unk,O.O.O=C(O)C(=O)O,10,15
13.450254,6.4160676,35.27475,-36.842052,unk,C[S+](C)(C)=O.[I-],10,15
12.772734,7.5593863,97.04043,107.20684,ox,[O-][I+3]([O-])([O-])O,10,11
8.057182,4.5596895,68.36276,93.3382,ligand,COP(OC)OC,10,10
12.66246,7.5415397,-217.4588,-195.23433,unk,O=S(=O)([O-])[O-],10,15
14.654308,10.050945,45.274147,57.6393,unk,NCCCCC(N)C(=O)O,10,15
14.589266,5.9535437,45.74839,27.3647,ox,O=[N+]([O-])[O-].O=[N+]([O-])[O-].O=[N+]([O-])[O-].O=[N+]([O-])[O-].O=[N+]([O-])[O-].[Ce+4].[NH4+],10,11
11.437168,8.57372,-17.412098,106.83275,unk,Cl[SiH](Cl)Cl,10,15
13.332429,6.6544666,-73.14762,3.9932501,unk,O=Cc1ccc(O)cc1,10,15
14.115307,5.7586827,123.91674,-37.050148,solvent,CC#N.O=C=O,10,13
11.500249,7.3625507,130.53061,4.110387,red,O=C[O-],10,12
13.050639,5.7497067,-105.146996,-134.32422,solvent,CC(C)O.O=C=O,10,13
10.834156,4.4079328,26.02442,-41.197098,boron,[B]1Oc2ccccc2O1,10,4
12.008815,9.5700245,-7.6279407,10.335066,unk,O=C([O-])C(F)(F)F.[Ag+],10,15
8.458481,6.8601623,101.7819,26.822205,unk,CCOC(=O)C1=C(C)NC(C)=C(C(=O)OCC)C1,10,15
10.4035845,8.8561945,-24.470211,0.69080395,additive,CN(C)C(On1nnc2ccc(Cl)cc21)=[N+](C)C.F[P-](F)(F)(F)(F)F,10,1
13.071586,4.368613,48.98706,31.625443,solvent,CCc1ccccc1,10,13
13.171497,8.944838,211.37581,16.395233,unk,Cc1cccc(O)c1,10,15
14.508594,7.6965613,2.7807133,20.656048,unk,Oc1cccc(O)c1,10,15
13.123024,8.642529,140.87538,38.795033,unk,CC(N)=O,10,15
13.453065,6.8790007,72.89403,0.9985304,unk,[SiH4],10,15
12.897416,8.338953,15.370744,13.422801,unk,C=CC#N,10,15
13.406956,7.742226,184.9517,63.951042,unk,N#CBr,10,15
14.639719,10.055242,-55.19801,1.1035306,unk,CC(C)C(N)C(=O)O,10,15
14.644736,9.183709,148.99155,-33.198982,unk,Nc1ncnc2c1ncn2C1OC(COP(=O)(O)OP(=O)(O)OP(=O)(O)O)C(O)C1O,10,15
14.663755,8.375264,104.63448,74.03184,unk,[F-],10,15
12.071569,4.3080535,32.58826,-65.66061,tin,CCCC[Sn](Cl)(CCCC)CCCC,10,14
13.637806,5.3415666,45.816914,-28.851349,unk,CC[Al+]CC.[Cl-],10,15
11.564713,4.27192,-24.335041,9.392562,tin,C[Sn](C)C.C[Sn](C)C,10,14
8.5115595,6.842368,-107.9387,30.066675,unk,Cc1ccc(-c2nn(CC(C)C)c(=O)c(N3CCN(C(=O)OC(C)(C)C)CC3)c2C)cc1F,10,15
9.36103,6.6354084,-86.60759,52.017017,unk,CC(C)(C)OC(=O)NC(C(=O)O)C(C)(C)C,10,15
10.330158,7.433594,36.576557,-16.268957,unk,CCOC(CCCNC)OCC,10,15
9.093927,6.967136,133.74686,14.444932,unk,NC1(c2ccc(-c3c(-c4ccccc4)oc4ccc(F)cc4c3=O)cc2)CCC1,10,15
12.957028,6.002045,121.268074,85.43314,red,O=[PH]([O-])[O-],10,12
11.458958,5.789426,101.50235,-2.0048783,unk,CCCN,10,15
13.218868,6.982078,98.32729,-55.83115,unk,O=C([O-])C(=O)[O-],10,15
12.559289,5.9394836,-130.58687,16.715733,unk,c1c[n-]cn1,10,15
14.315491,8.348031,71.404724,1.1432558,unk,O.O=S(=O)(O)O,10,15
14.671061,10.130128,145.84416,20.077642,unk,NC(Cc1ccc(O)cc1)C(=O)O,10,15
13.480561,8.362759,-29.260633,-11.345242,unk,CC(=O)[O-].CC(=O)[O-].O.O.O.O.[Co+2],10,15
14.291669,5.2312226,-64.67622,-31.362064,cat,Cl[Ni](Cl)([P](c1ccccc1)(c1ccccc1)c1ccccc1)[P](c1ccccc1)(c1ccccc1)c1ccccc1,10,5
11.932493,9.123285,-130.42603,245.06052,unk,O=C(Cl)C(Cl)(Cl)Cl,10,15
13.7286415,8.077056,-10.148544,-118.779205,unk,CCOC(CBr)OCC,10,15
12.736945,8.460818,59.191963,81.772285,unk,CC(=O)O[Hg]OC(C)=O,10,15
10.1215925,5.015505,-56.99699,35.897793,cat,C1=CCCC=CCC1.C1=CCCC=CCC1.[Cl-].[Cl-].[Rh].[Rh],10,5
8.503554,6.901862,-296.4721,48.862732,unk,O.O=S(=O)([O-])C(F)(F)F.O=S(=O)([O-])C(F)(F)F.O=S(=O)([O-])C(F)(F)F.[Yb+3],10,15
10.601688,9.239387,-138.943,-203.87991,unk,CN(C)C(F)=[N+](C)C.F[P-](F)(F)(F)(F)F,10,15
14.60418,6.360004,-83.74441,-32.51799,red,CC(=O)O[BH-](OC(C)=O)OC(C)=O.C[N+](C)(C)C,10,12
13.45223,8.300744,-136.21391,19.6967,unk,CC(=O)OI(OC(C)=O)c1ccccc1,10,15
11.808878,5.8747625,-5.035197,-58.678707,unk,COC1CCCC1,10,15
8.379251,6.8010225,-30.136774,26.811033,unk,CCCC[Sn](CCCC)(CCCC)c1cnc(C(CCCCCCc2ccccc2)O[Si](C)(C)C(C)(C)C)o1,10,15
8.85974,6.9185247,-23.707443,20.702953,unk,O=C(O)c1cccc(CN2C(=O)C3(COc4cc5c(cc43)CCO5)c3ccccc32)c1,10,15
8.4019575,6.6804,36.5426,4.9801846,unk,Cc1cc(C)nc(N2CC3CCNCC32)n1,10,15
12.535615,6.384558,-34.015133,-10.65771,unk,CCC=O,10,15
13.286738,6.780093,-248.9737,-64.84514,unk,CCOS(=O)(=O)OCC,10,15
14.433807,7.8082514,-84.16669,-234.065,unk,O=[W](=O)([O-])[O-].[Na+].[Na+],10,15
14.49483,6.5302525,-29.26942,-4.4981914,acid,O=S(=O)(O)c1ccccc1,10,0
12.473098,6.671623,66.71117,-37.093884,unk,C=CC(=O)OCC,10,15
14.113868,6.1765866,139.94182,-117.21336,unk,CCCCCCCCCCCCCCCC[N+](C)(C)C.[Cl-],10,15
13.061519,8.371411,67.27699,-40.503433,unk,CC(Cl)(Cl)Cl,10,15
12.967904,6.40865,-65.10782,-24.022564,unk,ClCCBr,10,15
13.496717,8.361133,343.3781,154.68437,unk,COC(C)(OC)N(C)C,10,15
10.505994,4.463546,-12.128046,2.8606625,solvent,CCOC(C)=O.O.[Cl-].[Na+],10,13
8.316097,6.79999,111.67583,4.8089437,cat,CC(=O)[O-].CC(=O)[O-].CC(=O)[O-].CC(=O)[O-].[Rh+2].[Rh+2],10,5
11.531844,8.701643,-23.895876,-12.926427,unk,COS(=O)(=O)C(F)(F)F,10,15
14.838364,6.0449276,149.05177,13.366836,unk,O.O.O.O.O=C([O-])C(O)C(O)C(=O)[O-].[K+].[Na+],10,15
13.094442,8.881706,123.57236,3.7427688,unk,Nc1ccccc1S,10,15
14.447881,7.532961,-129.69444,-48.309708,unk,C[Re](=O)(=O)=O,10,15
12.609745,3.7486799,218.9068,-11.932672,dehydrating,CC(C)OC(=O)N=NC(=O)OC(C)C.Cc1ccccc1,10,7
8.517309,6.9003997,30.20884,-13.832263,unk,Cc1ccc(Cl)cc1N1C(=O)c2cc(Br)n(C(C)C)c2C1c1ccc(Cl)cc1,10,15
13.045501,7.8384366,-147.83727,-90.736435,unk,CS,10,15
14.683908,9.160034,77.14207,95.62276,unk,OCC1OC(O)C(O)C(O)C1O,10,15
12.926457,8.633452,117.27956,41.58483,unk,O=C1C=CC(=O)O1,10,15
8.524394,6.8485565,111.78672,86.53022,tin,CC(=O)[O-].CC(=O)[O-].CCCC[Sn+2]CCCC,10,14
11.124357,5.67698,18.224464,26.46417,unk,Nc1ccccn1,10,15
12.745965,9.338618,45.90679,-12.033031,unk,Clc1ccc(Cl)c(Cl)c1,10,15
13.944655,5.944585,-35.750355,102.70706,unk,CN(C)C(OCC(C)(C)C)OCC(C)(C)C,10,15
12.493965,5.946417,74.00383,-5.8594,unk,CN(C)P(N(C)C)N(C)C,10,15
12.480599,8.817982,-4.3811693,-36.92862,unk,O=C(O)c1cccc(Cl)c1,10,15
13.475857,7.300053,103.32553,-158.32715,unk,[Na+].[SH-],10,15
10.277182,7.451823,145.31274,-6.960133,unk,CC(NC(=O)OC(C)(C)C)C(=O)O,10,15
14.439792,9.084346,-54.721035,101.69279,unk,CCCCCCCCCCCCOS(=O)(=O)[O-].[Na+],10,15
14.030072,5.821026,-7.8595886,74.52912,cat,CCO.CCO.CCO.CCO.[Ti],10,5
13.35084,7.056593,-41.667473,22.432005,unk,O=C1NC(=O)c2ccccc21.[K],10,15
12.57185,7.9927306,142.18155,-141.35892,unk,CC(O)CO,10,15
14.828283,6.299451,-52.486732,-151.46358,unk,C1CCOC1.[Al+3].[H-].[H-].[H-].[H-].[Li+],10,15
11.9039545,5.535912,73.83471,-51.410892,unk,CCCN(CCC)CCC,10,15
9.948226,7.629395,107.66385,24.49102,unk,Cc1ccnc(N)c1C,10,15
9.266118,4.550178,-81.25717,-91.77769,cat,[Pd].c1ccc(P(c2ccccc2)c2ccccc2)cc1,10,5
8.786542,6.6880784,-24.082287,45.4303,solvent,OC(C(F)(F)F)C(F)(F)F,10,13
12.841429,9.31176,-39.65829,-27.255274,unk,O.O=[Si]=O.O=[Si]=O.O=[Si]=O.O=[Si]=O.[Al+3].[Al+3].[O-2].[O-2].[O-2],10,15
9.64384,4.4285946,100.67165,65.58206,cat,CC(=O)O.CC(=O)O.[Pd],10,5
13.345564,8.719794,-39.42618,42.120144,unk,CCCC(C)O,10,15
8.349518,6.740509,306.64432,161.8686,unk,Oc1cccc(Nc2ncc(F)c(Nc3ccc4c(c3)OCCO4)n2)c1,10,15
7.971191,4.748676,5.3758926,5.038589,ligand,COc1ccc(S(=O)(=O)[O-])c(OC)c1-c1ccccc1P(C1CCCCC1)C1CCCCC1.[Na+],10,10
12.337385,4.5922937,-26.268066,-57.280617,base,C1CCC(CNCC2CCCCC2)CC1,10,3
7.8299036,4.4896955,-36.82398,-66.883415,ligand,CC(C)(C)P([c-]1cccc1)C(C)(C)C.[Fe+2].c1ccc(-c2c(-c3ccccc3)c(-c3ccccc3)[c-](-c3ccccc3)c2-c2ccccc2)cc1,10,10
8.833078,5.379506,112.38841,42.478817,unk,ON=Cc1ccccc1O,10,15
8.473017,6.8256307,17.662434,48.87373,unk,Cc1nc(N2CCN(Cc3ccccc3)C2=O)sc1C(=O)O,10,15
14.00132,8.469525,-108.863335,-59.305096,unk,O=S(=O)=O,10,15
12.67799,9.392731,45.8122,12.855819,unk,ClC(Cl)C(Cl)Cl,10,15
13.140226,6.516974,-1.7979236,-118.51276,unk,CC[N+](CC)(CC)CC.[Br-],10,15
12.564232,8.104332,-9.000129,98.27701,unk,CN(C)c1ccc(N=Nc2ccc(S(=O)(=O)O)cc2)cc1,10,15
13.290362,7.2178936,21.108683,116.371185,unk,[O-2].[Zn+2],10,15
12.713112,5.517685,32.634506,-33.72958,unk,CC[Si](Cl)(CC)CC,10,15
11.465409,5.60143,36.41919,0.8026151,unk,O=[Si]=O,10,15
13.531522,6.197425,-79.45065,-27.533545,unk,CCCS,10,15
13.443385,5.331469,-36.250546,-15.56454,unk,CCCC=CCCCCCC,10,15
13.916309,8.37149,110.636215,48.48746,unk,O=[N+]([O-])[O-].[NH4+],10,15
11.479949,9.121452,233.75883,44.9278,unk,Cc1ccc(S(=O)(=O)O)cc1.c1cc[nH+]cc1,10,15
9.592708,4.397347,18.857862,-27.27064,cat,C=C[CH2-].C=C[CH2-].Cl[Pd+].Cl[Pd+],10,5
14.3740015,8.347477,46.197544,-49.063763,unk,O=S(=O)([O-])[O-].[Fe+2],10,15
8.413651,6.8185687,95.412445,26.97324,unk,OB(O)c1cncnc1,10,15
10.415575,4.3952217,-12.93521,-25.429083,boron,C=C(C)B1OC(C)(C)C(C)(C)O1,10,4
10.461577,4.3975735,-144.05994,122.28503,boron,C=CB1OC(C)(C)C(C)(C)O1,10,4
14.278842,8.019578,-8.495627,35.756275,unk,[Hg].[Na],10,15
12.754603,8.525777,14.588974,-100.4005,unk,C=COCC,10,15
11.690199,7.093582,-230.48431,271.9107,unk,CO.[Na+].[OH-],10,15
12.581138,5.704838,13.56012,-39.41846,unk,O=C1NCCO1,10,15
12.576052,6.4162,78.36257,50.19145,unk,C=CC=O,10,15
14.25172,5.9129305,27.600594,2.7136192,red,[B-].[Na+],10,12
12.491749,7.882411,104.7182,-1.5609798,unk,O=C1C=CC(=O)C=C1,10,15
12.916461,7.491547,59.353558,90.22323,unk,[C-]#N,10,15
13.117416,6.5274644,15.195149,-27.113655,unk,CCCCCl,10,15
13.209707,7.6058745,21.980019,-58.306232,base,C[N+](C)(C)C.[OH-],10,3
13.963558,7.2410626,78.933716,-68.954865,unk,O=C1Nc2ccccc2C1=O,10,15
9.131822,5.3543167,12.698334,-31.044691,unk,CNCC(=O)O,10,15
14.724063,9.214583,-1.8323241,17.276485,unk,O=S(=O)(O)CCN1CCN(CCO)CC1,10,15
13.911986,6.8962727,-2.6646478,5.4865665,unk,C1=CCC=C1,10,15
14.402947,5.604103,-33.049282,12.644432,lewis_acid,Br[Ni]Br,10,9
9.316877,7.0101943,86.38164,61.53382,unk,C[N+]1([O-])CCOCC1.O,10,15
11.249229,9.232157,45.24051,-37.277645,unk,CN(C)C.Cl,10,15
11.800737,6.3917246,227.00012,-44.902782,unk,CNOC.Cl,10,15
10.436713,7.360988,-11.720204,131.35855,unk,CC[NH+](CC)CC.CC[NH+](CC)CC.O=C([O-])[O-],10,15
9.122653,4.4793305,-12.104142,-23.504091,cat,Cl[Pd-2](Cl)([PH](c1ccccc1)(c1ccccc1)c1ccccc1)[PH](c1ccccc1)(c1ccccc1)c1ccccc1,10,5
8.348073,6.69508,-45.1564,-7.8691053,unk,Cc1cc(N2CCN(CCOc3ccccc3)C2=O)sc1C(=O)O,10,15
11.292853,4.6225967,57.177654,34.627117,base,O.O.O.O=P([O-])([O-])[O-].[K+].[K+].[K+],10,3
11.9003,9.592577,-36.345055,25.468557,unk,Cl[Si](Cl)(Cl)Cl,10,15
12.936846,7.2030516,-78.63941,-3.1094227,unk,COCCOCCO,10,15
13.696998,7.342218,8.659872,15.439376,unk,CCCBr,10,15
13.415388,7.082317,53.49139,30.296036,unk,CC(C)(c1ccc(O)cc1)c1ccc(O)cc1,10,15
12.396185,7.7383084,-77.98059,-6.6073875,unk,OP(O)O,10,15
13.668012,7.6878476,-10.082929,82.93939,unk,O=CC=O,10,15
13.0078125,9.32747,23.116001,-21.36702,unk,CC(S)S,10,15
13.094368,7.2530775,-27.64337,37.90244,unk,Cc1ccc(C(C)C)cc1,10,15
12.012776,6.6247663,-54.733753,11.305734,unk,O=C(O)CCl,10,15
13.163501,7.016604,79.2038,-75.29006,unk,C=C(C)C(=O)OC,10,15
12.526896,9.363928,111.31739,-27.99241,unk,Fc1ccccc1,10,15
12.656522,6.8409534,-72.54184,-78.9929,unk,CCOC(=O)CC,10,15
14.169675,6.7876215,154.56699,-44.332058,unk,B(C1CCCCC1)C1CCCCC1,10,15
12.185977,6.304382,-4.8617597,36.043613,unk,CON.Cl,10,15
12.041759,7.9839253,-85.783806,-6.6654606,unk,Cl[Fe]Cl,10,15
10.620848,4.402601,113.85583,-15.91049,boron,OB(O)Oc1ccccc1,10,4
10.588089,7.3657923,-74.74359,93.68693,unk,Nc1ccc(F)cc1,10,15
13.650662,5.255288,-155.44609,-167.16974,base,C1CCOC1.CC(C)[N-]C(C)C.[Li+],10,3
10.162826,4.7740126,31.73918,14.8910265,boron,OB(O)c1ccc(F)cc1,10,4
7.9560957,4.7306914,-11.571525,109.04846,ligand,C1CCC(P(C2CCCCC2)C2CCCCC2)CC1.F[B-](F)(F)F,10,10
8.356817,6.769733,4.9877176,-26.559078,unk,NC1CCC2CN(Cc3ccccc3)CC12,10,15
10.160057,8.925833,132.80043,7.3993387,unk,CC(C)(C)OC(=O)NC(Cc1ccccc1C(F)(F)F)C(=O)O,10,15
